category,year,volume_scenario,workforce_scenario,volume_index,workforce_index,relative_output_per_operator_index,basis,interpretation,supply_factor_applied_again
CABG_claims,2025,low,low,100.0,100.0,100.0,2025=100 proxy; case mix/category allocation constant; adult workforce versus all-age source scope imperfect,"diagnostic ratio; not measured hours, FTE deficit or capacity-constrained realized volume",False
CABG_claims,2025,low,base,100.0,100.0,100.0,2025=100 proxy; case mix/category allocation constant; adult workforce versus all-age source scope imperfect,"diagnostic ratio; not measured hours, FTE deficit or capacity-constrained realized volume",False
CABG_claims,2025,low,high,100.0,100.0,100.0,2025=100 proxy; case mix/category allocation constant; adult workforce versus all-age source scope imperfect,"diagnostic ratio; not measured hours, FTE deficit or capacity-constrained realized volume",False
CABG_claims,2026,low,low,100.94165465533322,95.89473684210526,105.26297686341006,2025=100 proxy; case mix/category allocation constant; adult workforce versus all-age source scope imperfect,"diagnostic ratio; not measured hours, FTE deficit or capacity-constrained realized volume",False
CABG_claims,2026,low,base,100.94165465533322,99.22966507177034,101.72528001815249,2025=100 proxy; case mix/category allocation constant; adult workforce versus all-age source scope imperfect,"diagnostic ratio; not measured hours, FTE deficit or capacity-constrained realized volume",False
CABG_claims,2026,low,high,100.94165465533322,102.91746411483254,98.08020001610731,2025=100 proxy; case mix/category allocation constant; adult workforce versus all-age source scope imperfect,"diagnostic ratio; not measured hours, FTE deficit or capacity-constrained realized volume",False
CABG_claims,2027,low,low,101.10412291799919,92.29416267942584,109.54552268833496,2025=100 proxy; case mix/category allocation constant; adult workforce versus all-age source scope imperfect,"diagnostic ratio; not measured hours, FTE deficit or capacity-constrained realized volume",False
CABG_claims,2027,low,base,101.10412291799919,99.13607655502392,101.98519694481043,2025=100 proxy; case mix/category allocation constant; adult workforce versus all-age source scope imperfect,"diagnostic ratio; not measured hours, FTE deficit or capacity-constrained realized volume",False
CABG_claims,2027,low,high,101.10412291799919,101.63531399521531,99.47735579658746,2025=100 proxy; case mix/category allocation constant; adult workforce versus all-age source scope imperfect,"diagnostic ratio; not measured hours, FTE deficit or capacity-constrained realized volume",False
CABG_claims,2028,low,low,101.45796759848868,89.34024497607656,113.56356547450366,2025=100 proxy; case mix/category allocation constant; adult workforce versus all-age source scope imperfect,"diagnostic ratio; not measured hours, FTE deficit or capacity-constrained realized volume",False
CABG_claims,2028,low,base,101.45796759848868,95.94575311004783,105.74513650658248,2025=100 proxy; case mix/category allocation constant; adult workforce versus all-age source scope imperfect,"diagnostic ratio; not measured hours, FTE deficit or capacity-constrained realized volume",False
CABG_claims,2028,low,high,101.45796759848868,101.76000268391148,99.70318879966918,2025=100 proxy; case mix/category allocation constant; adult workforce versus all-age source scope imperfect,"diagnostic ratio; not measured hours, FTE deficit or capacity-constrained realized volume",False
CABG_claims,2029,low,low,101.43881951534344,84.49657668899523,120.05080381978925,2025=100 proxy; case mix/category allocation constant; adult workforce versus all-age source scope imperfect,"diagnostic ratio; not measured hours, FTE deficit or capacity-constrained realized volume",False
CABG_claims,2029,low,base,101.43881951534344,93.9165354258373,108.00954172276323,2025=100 proxy; case mix/category allocation constant; adult workforce versus all-age source scope imperfect,"diagnostic ratio; not measured hours, FTE deficit or capacity-constrained realized volume",False
CABG_claims,2029,low,high,101.43881951534344,101.53738826945647,99.9029236857546,2025=100 proxy; case mix/category allocation constant; adult workforce versus all-age source scope imperfect,"diagnostic ratio; not measured hours, FTE deficit or capacity-constrained realized volume",False
CABG_claims,2030,low,low,101.76589372023095,80.63252371444977,126.20948598932908,2025=100 proxy; case mix/category allocation constant; adult workforce versus all-age source scope imperfect,"diagnostic ratio; not measured hours, FTE deficit or capacity-constrained realized volume",False
CABG_claims,2030,low,base,101.76589372023095,91.63260128153107,111.05861046939664,2025=100 proxy; case mix/category allocation constant; adult workforce versus all-age source scope imperfect,"diagnostic ratio; not measured hours, FTE deficit or capacity-constrained realized volume",False
CABG_claims,2030,low,high,101.76589372023095,103.04227071760424,98.76130738532412,2025=100 proxy; case mix/category allocation constant; adult workforce versus all-age source scope imperfect,"diagnostic ratio; not measured hours, FTE deficit or capacity-constrained realized volume",False
CABG_claims,2031,low,low,102.09235003416943,76.67304119110432,133.15286370304335,2025=100 proxy; case mix/category allocation constant; adult workforce versus all-age source scope imperfect,"diagnostic ratio; not measured hours, FTE deficit or capacity-constrained realized volume",False
CABG_claims,2031,low,base,102.09235003416943,90.66729723026984,112.60107354351052,2025=100 proxy; case mix/category allocation constant; adult workforce versus all-age source scope imperfect,"diagnostic ratio; not measured hours, FTE deficit or capacity-constrained realized volume",False
CABG_claims,2031,low,high,102.09235003416943,104.16879570301316,98.00665289943092,2025=100 proxy; case mix/category allocation constant; adult workforce versus all-age source scope imperfect,"diagnostic ratio; not measured hours, FTE deficit or capacity-constrained realized volume",False
CABG_claims,2032,low,low,101.90141299075914,73.68318503542753,138.29669950038675,2025=100 proxy; case mix/category allocation constant; adult workforce versus all-age source scope imperfect,"diagnostic ratio; not measured hours, FTE deficit or capacity-constrained realized volume",False
CABG_claims,2032,low,base,101.90141299075914,89.4951507956045,113.86249655413059,2025=100 proxy; case mix/category allocation constant; adult workforce versus all-age source scope imperfect,"diagnostic ratio; not measured hours, FTE deficit or capacity-constrained realized volume",False
CABG_claims,2032,low,high,101.90141299075914,105.26997387625039,96.80007435980639,2025=100 proxy; case mix/category allocation constant; adult workforce versus all-age source scope imperfect,"diagnostic ratio; not measured hours, FTE deficit or capacity-constrained realized volume",False
CABG_claims,2033,low,low,101.61124701265356,70.72630876583776,143.66824564402242,2025=100 proxy; case mix/category allocation constant; adult workforce versus all-age source scope imperfect,"diagnostic ratio; not measured hours, FTE deficit or capacity-constrained realized volume",False
CABG_claims,2033,low,base,101.61124701265356,87.87898112741668,115.62633716170005,2025=100 proxy; case mix/category allocation constant; adult workforce versus all-age source scope imperfect,"diagnostic ratio; not measured hours, FTE deficit or capacity-constrained realized volume",False
CABG_claims,2033,low,high,101.61124701265356,108.0688635788673,94.024535511562,2025=100 proxy; case mix/category allocation constant; adult workforce versus all-age source scope imperfect,"diagnostic ratio; not measured hours, FTE deficit or capacity-constrained realized volume",False
CABG_claims,2034,low,low,101.44011227506324,67.28799339778223,150.75514538735916,2025=100 proxy; case mix/category allocation constant; adult workforce versus all-age source scope imperfect,"diagnostic ratio; not measured hours, FTE deficit or capacity-constrained realized volume",False
CABG_claims,2034,low,base,101.44011227506324,86.81836733686546,116.84176446380717,2025=100 proxy; case mix/category allocation constant; adult workforce versus all-age source scope imperfect,"diagnostic ratio; not measured hours, FTE deficit or capacity-constrained realized volume",False
CABG_claims,2034,low,high,101.44011227506324,110.80477826317532,91.54849986173897,2025=100 proxy; case mix/category allocation constant; adult workforce versus all-age source scope imperfect,"diagnostic ratio; not measured hours, FTE deficit or capacity-constrained realized volume",False
CABG_claims,2035,low,low,100.92464115918285,64.05597695181004,157.55694622394017,2025=100 proxy; case mix/category allocation constant; adult workforce versus all-age source scope imperfect,"diagnostic ratio; not measured hours, FTE deficit or capacity-constrained realized volume",False
CABG_claims,2035,low,base,100.92464115918285,85.8001780979363,117.62754273538081,2025=100 proxy; case mix/category allocation constant; adult workforce versus all-age source scope imperfect,"diagnostic ratio; not measured hours, FTE deficit or capacity-constrained realized volume",False
CABG_claims,2035,low,high,100.92464115918285,113.47913486708642,88.93673826240556,2025=100 proxy; case mix/category allocation constant; adult workforce versus all-age source scope imperfect,"diagnostic ratio; not measured hours, FTE deficit or capacity-constrained realized volume",False
CABG_claims,2036,low,low,100.6293973758162,61.01788149259617,164.91788130668948,2025=100 proxy; case mix/category allocation constant; adult workforce versus all-age source scope imperfect,"diagnostic ratio; not measured hours, FTE deficit or capacity-constrained realized volume",False
CABG_claims,2036,low,base,100.6293973758162,84.82271642856429,118.63496196866545,2025=100 proxy; case mix/category allocation constant; adult workforce versus all-age source scope imperfect,"diagnostic ratio; not measured hours, FTE deficit or capacity-constrained realized volume",False
CABG_claims,2036,low,high,100.6293973758162,116.09331844740952,86.67974929272222,2025=100 proxy; case mix/category allocation constant; adult workforce versus all-age source scope imperfect,"diagnostic ratio; not measured hours, FTE deficit or capacity-constrained realized volume",False
CABG_claims,2037,low,low,99.77950687904247,58.162071760935135,171.55425152179654,2025=100 proxy; case mix/category allocation constant; adult workforce versus all-age source scope imperfect,"diagnostic ratio; not measured hours, FTE deficit or capacity-constrained realized volume",False
CABG_claims,2037,low,base,99.77950687904247,83.88435322596717,118.9488898010062,2025=100 proxy; case mix/category allocation constant; adult workforce versus all-age source scope imperfect,"diagnostic ratio; not measured hours, FTE deficit or capacity-constrained realized volume",False
CABG_claims,2037,low,high,99.77950687904247,118.64868289717535,84.09659883499467,2025=100 proxy; case mix/category allocation constant; adult workforce versus all-age source scope imperfect,"diagnostic ratio; not measured hours, FTE deficit or capacity-constrained realized volume",False
CABG_claims,2038,low,low,98.85621474191674,55.47761061317376,178.19119037264787,2025=100 proxy; case mix/category allocation constant; adult workforce versus all-age source scope imperfect,"diagnostic ratio; not measured hours, FTE deficit or capacity-constrained realized volume",False
CABG_claims,2038,low,base,98.85621474191674,82.98352455147393,119.12751992185764,2025=100 proxy; case mix/category allocation constant; adult workforce versus all-age source scope imperfect,"diagnostic ratio; not measured hours, FTE deficit or capacity-constrained realized volume",False
CABG_claims,2038,low,high,98.85621474191674,121.14655164682145,81.6005188741255,2025=100 proxy; case mix/category allocation constant; adult workforce versus all-age source scope imperfect,"diagnostic ratio; not measured hours, FTE deficit or capacity-constrained realized volume",False
CABG_claims,2039,low,low,97.76396945040436,52.95421713427807,184.6197994061558,2025=100 proxy; case mix/category allocation constant; adult workforce versus all-age source scope imperfect,"diagnostic ratio; not measured hours, FTE deficit or capacity-constrained realized volume",False
CABG_claims,2039,low,base,97.76396945040436,82.11872902396043,119.05197585544585,2025=100 proxy; case mix/category allocation constant; adult workforce versus all-age source scope imperfect,"diagnostic ratio; not measured hours, FTE deficit or capacity-constrained realized volume",False
CABG_claims,2039,low,high,97.76396945040436,123.5882183496005,79.10460297587127,2025=100 proxy; case mix/category allocation constant; adult workforce versus all-age source scope imperfect,"diagnostic ratio; not measured hours, FTE deficit or capacity-constrained realized volume",False
CABG_claims,2040,low,low,96.1731421841616,50.58222726411612,190.1322804193489,2025=100 proxy; case mix/category allocation constant; adult workforce versus all-age source scope imperfect,"diagnostic ratio; not measured hours, FTE deficit or capacity-constrained realized volume",False
CABG_claims,2040,low,base,96.1731421841616,81.28852531754747,118.3108462214913,2025=100 proxy; case mix/category allocation constant; adult workforce versus all-age source scope imperfect,"diagnostic ratio; not measured hours, FTE deficit or capacity-constrained realized volume",False
CABG_claims,2040,low,high,96.1731421841616,125.97494755156704,76.34306983520969,2025=100 proxy; case mix/category allocation constant; adult workforce versus all-age source scope imperfect,"diagnostic ratio; not measured hours, FTE deficit or capacity-constrained realized volume",False
CABG_claims,2025,base,low,100.0,100.0,100.0,2025=100 proxy; case mix/category allocation constant; adult workforce versus all-age source scope imperfect,"diagnostic ratio; not measured hours, FTE deficit or capacity-constrained realized volume",False
CABG_claims,2025,base,base,100.0,100.0,100.0,2025=100 proxy; case mix/category allocation constant; adult workforce versus all-age source scope imperfect,"diagnostic ratio; not measured hours, FTE deficit or capacity-constrained realized volume",False
CABG_claims,2025,base,high,100.0,100.0,100.0,2025=100 proxy; case mix/category allocation constant; adult workforce versus all-age source scope imperfect,"diagnostic ratio; not measured hours, FTE deficit or capacity-constrained realized volume",False
CABG_claims,2026,base,low,105.46160512836143,95.89473684210526,109.97642686272597,2025=100 proxy; case mix/category allocation constant; adult workforce versus all-age source scope imperfect,"diagnostic ratio; not measured hours, FTE deficit or capacity-constrained realized volume",False
CABG_claims,2026,base,base,105.46160512836143,99.22966507177034,106.28031955170228,2025=100 proxy; case mix/category allocation constant; adult workforce versus all-age source scope imperfect,"diagnostic ratio; not measured hours, FTE deficit or capacity-constrained realized volume",False
CABG_claims,2026,base,high,105.46160512836143,102.91746411483254,102.47202069678885,2025=100 proxy; case mix/category allocation constant; adult workforce versus all-age source scope imperfect,"diagnostic ratio; not measured hours, FTE deficit or capacity-constrained realized volume",False
CABG_claims,2027,base,low,110.28003048389641,92.29416267942584,119.48754643014922,2025=100 proxy; case mix/category allocation constant; adult workforce versus all-age source scope imperfect,"diagnostic ratio; not measured hours, FTE deficit or capacity-constrained realized volume",False
CABG_claims,2027,base,base,110.28003048389641,99.13607655502392,111.24106815210426,2025=100 proxy; case mix/category allocation constant; adult workforce versus all-age source scope imperfect,"diagnostic ratio; not measured hours, FTE deficit or capacity-constrained realized volume",False
CABG_claims,2027,base,high,110.28003048389641,101.63531399521531,108.50562284786966,2025=100 proxy; case mix/category allocation constant; adult workforce versus all-age source scope imperfect,"diagnostic ratio; not measured hours, FTE deficit or capacity-constrained realized volume",False
CABG_claims,2028,base,low,115.49745148450788,89.34024497607656,129.27818981852542,2025=100 proxy; case mix/category allocation constant; adult workforce versus all-age source scope imperfect,"diagnostic ratio; not measured hours, FTE deficit or capacity-constrained realized volume",False
CABG_claims,2028,base,base,115.49745148450788,95.94575311004783,120.37786743102079,2025=100 proxy; case mix/category allocation constant; adult workforce versus all-age source scope imperfect,"diagnostic ratio; not measured hours, FTE deficit or capacity-constrained realized volume",False
CABG_claims,2028,base,high,115.49745148450788,101.76000268391148,113.49985105962297,2025=100 proxy; case mix/category allocation constant; adult workforce versus all-age source scope imperfect,"diagnostic ratio; not measured hours, FTE deficit or capacity-constrained realized volume",False
CABG_claims,2029,base,low,117.44485557471074,84.49657668899523,138.99362575005557,2025=100 proxy; case mix/category allocation constant; adult workforce versus all-age source scope imperfect,"diagnostic ratio; not measured hours, FTE deficit or capacity-constrained realized volume",False
CABG_claims,2029,base,base,117.44485557471074,93.9165354258373,125.05237234549922,2025=100 proxy; case mix/category allocation constant; adult workforce versus all-age source scope imperfect,"diagnostic ratio; not measured hours, FTE deficit or capacity-constrained realized volume",False
CABG_claims,2029,base,high,117.44485557471074,101.53738826945647,115.66661067058331,2025=100 proxy; case mix/category allocation constant; adult workforce versus all-age source scope imperfect,"diagnostic ratio; not measured hours, FTE deficit or capacity-constrained realized volume",False
CABG_claims,2030,base,low,119.85780007227149,80.63252371444977,148.64696595226664,2025=100 proxy; case mix/category allocation constant; adult workforce versus all-age source scope imperfect,"diagnostic ratio; not measured hours, FTE deficit or capacity-constrained realized volume",False
CABG_claims,2030,base,base,119.85780007227149,91.63260128153107,130.80257287908,2025=100 proxy; case mix/category allocation constant; adult workforce versus all-age source scope imperfect,"diagnostic ratio; not measured hours, FTE deficit or capacity-constrained realized volume",False
CABG_claims,2030,base,high,119.85780007227149,103.04227071760424,116.31905938947287,2025=100 proxy; case mix/category allocation constant; adult workforce versus all-age source scope imperfect,"diagnostic ratio; not measured hours, FTE deficit or capacity-constrained realized volume",False
CABG_claims,2031,base,low,122.32230312421851,76.67304119110432,159.53756525626176,2025=100 proxy; case mix/category allocation constant; adult workforce versus all-age source scope imperfect,"diagnostic ratio; not measured hours, FTE deficit or capacity-constrained realized volume",False
CABG_claims,2031,base,base,122.32230312421851,90.66729723026984,134.9133666282714,2025=100 proxy; case mix/category allocation constant; adult workforce versus all-age source scope imperfect,"diagnostic ratio; not measured hours, FTE deficit or capacity-constrained realized volume",False
CABG_claims,2031,base,high,122.32230312421851,104.16879570301316,117.42701093805603,2025=100 proxy; case mix/category allocation constant; adult workforce versus all-age source scope imperfect,"diagnostic ratio; not measured hours, FTE deficit or capacity-constrained realized volume",False
CABG_claims,2032,base,low,124.19819942006305,73.68318503542753,168.55704508477402,2025=100 proxy; case mix/category allocation constant; adult workforce versus all-age source scope imperfect,"diagnostic ratio; not measured hours, FTE deficit or capacity-constrained realized volume",False
CABG_claims,2032,base,base,124.19819942006305,89.4951507956045,138.77645695431687,2025=100 proxy; case mix/category allocation constant; adult workforce versus all-age source scope imperfect,"diagnostic ratio; not measured hours, FTE deficit or capacity-constrained realized volume",False
CABG_claims,2032,base,high,124.19819942006305,105.26997387625039,117.98064998673188,2025=100 proxy; case mix/category allocation constant; adult workforce versus all-age source scope imperfect,"diagnostic ratio; not measured hours, FTE deficit or capacity-constrained realized volume",False
CABG_claims,2033,base,low,125.96970921730488,70.72630876583776,178.10870016469855,2025=100 proxy; case mix/category allocation constant; adult workforce versus all-age source scope imperfect,"diagnostic ratio; not measured hours, FTE deficit or capacity-constrained realized volume",False
CABG_claims,2033,base,base,125.96970921730488,87.87898112741668,143.34452630334897,2025=100 proxy; case mix/category allocation constant; adult workforce versus all-age source scope imperfect,"diagnostic ratio; not measured hours, FTE deficit or capacity-constrained realized volume",False
CABG_claims,2033,base,high,125.96970921730488,108.0688635788673,116.56429525177137,2025=100 proxy; case mix/category allocation constant; adult workforce versus all-age source scope imperfect,"diagnostic ratio; not measured hours, FTE deficit or capacity-constrained realized volume",False
CABG_claims,2034,base,low,127.90300711439903,67.28799339778223,190.0829563430177,2025=100 proxy; case mix/category allocation constant; adult workforce versus all-age source scope imperfect,"diagnostic ratio; not measured hours, FTE deficit or capacity-constrained realized volume",False
CABG_claims,2034,base,base,127.90300711439903,86.81836733686546,147.3225206114742,2025=100 proxy; case mix/category allocation constant; adult workforce versus all-age source scope imperfect,"diagnostic ratio; not measured hours, FTE deficit or capacity-constrained realized volume",False
CABG_claims,2034,base,high,127.90300711439903,110.80477826317532,115.43094902515239,2025=100 proxy; case mix/category allocation constant; adult workforce versus all-age source scope imperfect,"diagnostic ratio; not measured hours, FTE deficit or capacity-constrained realized volume",False
CABG_claims,2035,base,low,129.45867610290475,64.05597695181004,202.10241458076243,2025=100 proxy; case mix/category allocation constant; adult workforce versus all-age source scope imperfect,"diagnostic ratio; not measured hours, FTE deficit or capacity-constrained realized volume",False
CABG_claims,2035,base,base,129.45867610290475,85.8001780979363,150.88392468735276,2025=100 proxy; case mix/category allocation constant; adult workforce versus all-age source scope imperfect,"diagnostic ratio; not measured hours, FTE deficit or capacity-constrained realized volume",False
CABG_claims,2035,base,high,129.45867610290475,113.47913486708642,114.08147960815398,2025=100 proxy; case mix/category allocation constant; adult workforce versus all-age source scope imperfect,"diagnostic ratio; not measured hours, FTE deficit or capacity-constrained realized volume",False
CABG_claims,2036,base,low,131.27547826912408,61.01788149259617,215.14263533559892,2025=100 proxy; case mix/category allocation constant; adult workforce versus all-age source scope imperfect,"diagnostic ratio; not measured hours, FTE deficit or capacity-constrained realized volume",False
CABG_claims,2036,base,base,131.27547826912408,84.82271642856429,154.76452982931903,2025=100 proxy; case mix/category allocation constant; adult workforce versus all-age source scope imperfect,"diagnostic ratio; not measured hours, FTE deficit or capacity-constrained realized volume",False
CABG_claims,2036,base,high,131.27547826912408,116.09331844740952,113.0775483247058,2025=100 proxy; case mix/category allocation constant; adult workforce versus all-age source scope imperfect,"diagnostic ratio; not measured hours, FTE deficit or capacity-constrained realized volume",False
CABG_claims,2037,base,low,132.41072729913643,58.162071760935135,227.65820282913444,2025=100 proxy; case mix/category allocation constant; adult workforce versus all-age source scope imperfect,"diagnostic ratio; not measured hours, FTE deficit or capacity-constrained realized volume",False
CABG_claims,2037,base,base,132.41072729913643,83.88435322596717,157.84913658742673,2025=100 proxy; case mix/category allocation constant; adult workforce versus all-age source scope imperfect,"diagnostic ratio; not measured hours, FTE deficit or capacity-constrained realized volume",False
CABG_claims,2037,base,high,132.41072729913643,118.64868289717535,111.59898623896878,2025=100 proxy; case mix/category allocation constant; adult workforce versus all-age source scope imperfect,"diagnostic ratio; not measured hours, FTE deficit or capacity-constrained realized volume",False
CABG_claims,2038,base,low,133.4451893782663,55.47761061317376,240.53881899985484,2025=100 proxy; case mix/category allocation constant; adult workforce versus all-age source scope imperfect,"diagnostic ratio; not measured hours, FTE deficit or capacity-constrained realized volume",False
CABG_claims,2038,base,base,133.4451893782663,82.98352455147393,160.809257138134,2025=100 proxy; case mix/category allocation constant; adult workforce versus all-age source scope imperfect,"diagnostic ratio; not measured hours, FTE deficit or capacity-constrained realized volume",False
CABG_claims,2038,base,high,133.4451893782663,121.14655164682145,110.15186777028458,2025=100 proxy; case mix/category allocation constant; adult workforce versus all-age source scope imperfect,"diagnostic ratio; not measured hours, FTE deficit or capacity-constrained realized volume",False
CABG_claims,2039,base,low,134.26777213943595,52.95421713427807,253.5544464739568,2025=100 proxy; case mix/category allocation constant; adult workforce versus all-age source scope imperfect,"diagnostic ratio; not measured hours, FTE deficit or capacity-constrained realized volume",False
CABG_claims,2039,base,base,134.26777213943595,82.11872902396043,163.5044450094443,2025=100 proxy; case mix/category allocation constant; adult workforce versus all-age source scope imperfect,"diagnostic ratio; not measured hours, FTE deficit or capacity-constrained realized volume",False
CABG_claims,2039,base,high,134.26777213943595,123.5882183496005,108.64123937738599,2025=100 proxy; case mix/category allocation constant; adult workforce versus all-age source scope imperfect,"diagnostic ratio; not measured hours, FTE deficit or capacity-constrained realized volume",False
CABG_claims,2040,base,low,134.3785579701872,50.58222726411612,265.66358430309293,2025=100 proxy; case mix/category allocation constant; adult workforce versus all-age source scope imperfect,"diagnostic ratio; not measured hours, FTE deficit or capacity-constrained realized volume",False
CABG_claims,2040,base,base,134.3785579701872,81.28852531754747,165.31061111669516,2025=100 proxy; case mix/category allocation constant; adult workforce versus all-age source scope imperfect,"diagnostic ratio; not measured hours, FTE deficit or capacity-constrained realized volume",False
CABG_claims,2040,base,high,134.3785579701872,125.97494755156704,106.6708584380876,2025=100 proxy; case mix/category allocation constant; adult workforce versus all-age source scope imperfect,"diagnostic ratio; not measured hours, FTE deficit or capacity-constrained realized volume",False
CABG_claims,2025,high,low,100.0,100.0,100.0,2025=100 proxy; case mix/category allocation constant; adult workforce versus all-age source scope imperfect,"diagnostic ratio; not measured hours, FTE deficit or capacity-constrained realized volume",False
CABG_claims,2025,high,base,100.0,100.0,100.0,2025=100 proxy; case mix/category allocation constant; adult workforce versus all-age source scope imperfect,"diagnostic ratio; not measured hours, FTE deficit or capacity-constrained realized volume",False
CABG_claims,2025,high,high,100.0,100.0,100.0,2025=100 proxy; case mix/category allocation constant; adult workforce versus all-age source scope imperfect,"diagnostic ratio; not measured hours, FTE deficit or capacity-constrained realized volume",False
CABG_claims,2026,high,low,109.52337121235243,95.89473684210526,114.21207755404478,2025=100 proxy; case mix/category allocation constant; adult workforce versus all-age source scope imperfect,"diagnostic ratio; not measured hours, FTE deficit or capacity-constrained realized volume",False
CABG_claims,2026,high,base,109.52337121235243,99.22966507177034,110.37361774136485,2025=100 proxy; case mix/category allocation constant; adult workforce versus all-age source scope imperfect,"diagnostic ratio; not measured hours, FTE deficit or capacity-constrained realized volume",False
CABG_claims,2026,high,high,109.52337121235243,102.91746411483254,106.41864542071227,2025=100 proxy; case mix/category allocation constant; adult workforce versus all-age source scope imperfect,"diagnostic ratio; not measured hours, FTE deficit or capacity-constrained realized volume",False
CABG_claims,2027,high,low,118.71116370253603,92.29416267942584,128.62261301927282,2025=100 proxy; case mix/category allocation constant; adult workforce versus all-age source scope imperfect,"diagnostic ratio; not measured hours, FTE deficit or capacity-constrained realized volume",False
CABG_claims,2027,high,base,118.71116370253603,99.13607655502392,119.74567466027088,2025=100 proxy; case mix/category allocation constant; adult workforce versus all-age source scope imperfect,"diagnostic ratio; not measured hours, FTE deficit or capacity-constrained realized volume",False
CABG_claims,2027,high,high,118.71116370253603,101.63531399521531,116.8010989842808,2025=100 proxy; case mix/category allocation constant; adult workforce versus all-age source scope imperfect,"diagnostic ratio; not measured hours, FTE deficit or capacity-constrained realized volume",False
CABG_claims,2028,high,low,128.6383627861581,89.34024497607656,143.98702714616996,2025=100 proxy; case mix/category allocation constant; adult workforce versus all-age source scope imperfect,"diagnostic ratio; not measured hours, FTE deficit or capacity-constrained realized volume",False
CABG_claims,2028,high,base,128.6383627861581,95.94575311004783,134.07405603311332,2025=100 proxy; case mix/category allocation constant; adult workforce versus all-age source scope imperfect,"diagnostic ratio; not measured hours, FTE deficit or capacity-constrained realized volume",False
CABG_claims,2028,high,high,128.6383627861581,101.76000268391148,126.41348210822734,2025=100 proxy; case mix/category allocation constant; adult workforce versus all-age source scope imperfect,"diagnostic ratio; not measured hours, FTE deficit or capacity-constrained realized volume",False
CABG_claims,2029,high,low,132.35825485452125,84.49657668899523,156.6433340153998,2025=100 proxy; case mix/category allocation constant; adult workforce versus all-age source scope imperfect,"diagnostic ratio; not measured hours, FTE deficit or capacity-constrained realized volume",False
CABG_claims,2029,high,base,132.35825485452125,93.9165354258373,140.93179039705961,2025=100 proxy; case mix/category allocation constant; adult workforce versus all-age source scope imperfect,"diagnostic ratio; not measured hours, FTE deficit or capacity-constrained realized volume",False
CABG_claims,2029,high,high,132.35825485452125,101.53738826945647,130.3542046041931,2025=100 proxy; case mix/category allocation constant; adult workforce versus all-age source scope imperfect,"diagnostic ratio; not measured hours, FTE deficit or capacity-constrained realized volume",False
CABG_claims,2030,high,low,136.66154634290282,80.63252371444977,169.4868770657272,2025=100 proxy; case mix/category allocation constant; adult workforce versus all-age source scope imperfect,"diagnostic ratio; not measured hours, FTE deficit or capacity-constrained realized volume",False
CABG_claims,2030,high,base,136.66154634290282,91.63260128153107,149.1407473231337,2025=100 proxy; case mix/category allocation constant; adult workforce versus all-age source scope imperfect,"diagnostic ratio; not measured hours, FTE deficit or capacity-constrained realized volume",False
CABG_claims,2030,high,high,136.66154634290282,103.04227071760424,132.6266835844825,2025=100 proxy; case mix/category allocation constant; adult workforce versus all-age source scope imperfect,"diagnostic ratio; not measured hours, FTE deficit or capacity-constrained realized volume",False
CABG_claims,2031,high,low,141.10197122043394,76.67304119110432,184.0307480027344,2025=100 proxy; case mix/category allocation constant; adult workforce versus all-age source scope imperfect,"diagnostic ratio; not measured hours, FTE deficit or capacity-constrained realized volume",False
CABG_claims,2031,high,base,141.10197122043394,90.66729723026984,155.6260918003037,2025=100 proxy; case mix/category allocation constant; adult workforce versus all-age source scope imperfect,"diagnostic ratio; not measured hours, FTE deficit or capacity-constrained realized volume",False
CABG_claims,2031,high,high,141.10197122043394,104.16879570301316,135.45512383834966,2025=100 proxy; case mix/category allocation constant; adult workforce versus all-age source scope imperfect,"diagnostic ratio; not measured hours, FTE deficit or capacity-constrained realized volume",False
CABG_claims,2032,high,low,144.96447949242167,73.68318503542753,196.74024599061707,2025=100 proxy; case mix/category allocation constant; adult workforce versus all-age source scope imperfect,"diagnostic ratio; not measured hours, FTE deficit or capacity-constrained realized volume",False
CABG_claims,2032,high,base,144.96447949242167,89.4951507956045,161.98026172781366,2025=100 proxy; case mix/category allocation constant; adult workforce versus all-age source scope imperfect,"diagnostic ratio; not measured hours, FTE deficit or capacity-constrained realized volume",False
CABG_claims,2032,high,high,144.96447949242167,105.26997387625039,137.70733871638836,2025=100 proxy; case mix/category allocation constant; adult workforce versus all-age source scope imperfect,"diagnostic ratio; not measured hours, FTE deficit or capacity-constrained realized volume",False
CABG_claims,2033,high,low,148.7500079796679,70.72630876583776,210.3177877869362,2025=100 proxy; case mix/category allocation constant; adult workforce versus all-age source scope imperfect,"diagnostic ratio; not measured hours, FTE deficit or capacity-constrained realized volume",False
CABG_claims,2033,high,base,148.7500079796679,87.87898112741668,169.26687823564282,2025=100 proxy; case mix/category allocation constant; adult workforce versus all-age source scope imperfect,"diagnostic ratio; not measured hours, FTE deficit or capacity-constrained realized volume",False
CABG_claims,2033,high,high,148.7500079796679,108.0688635788673,137.6437236902302,2025=100 proxy; case mix/category allocation constant; adult workforce versus all-age source scope imperfect,"diagnostic ratio; not measured hours, FTE deficit or capacity-constrained realized volume",False
CABG_claims,2034,high,low,152.8156357400595,67.28799339778223,227.10684034916727,2025=100 proxy; case mix/category allocation constant; adult workforce versus all-age source scope imperfect,"diagnostic ratio; not measured hours, FTE deficit or capacity-constrained realized volume",False
CABG_claims,2034,high,base,152.8156357400595,86.81836733686546,176.0176336271297,2025=100 proxy; case mix/category allocation constant; adult workforce versus all-age source scope imperfect,"diagnostic ratio; not measured hours, FTE deficit or capacity-constrained realized volume",False
CABG_claims,2034,high,high,152.8156357400595,110.80477826317532,137.91430129222684,2025=100 proxy; case mix/category allocation constant; adult workforce versus all-age source scope imperfect,"diagnostic ratio; not measured hours, FTE deficit or capacity-constrained realized volume",False
CABG_claims,2035,high,low,156.49661445364563,64.05597695181004,244.31227482703076,2025=100 proxy; case mix/category allocation constant; adult workforce versus all-age source scope imperfect,"diagnostic ratio; not measured hours, FTE deficit or capacity-constrained realized volume",False
CABG_claims,2035,high,base,156.49661445364563,85.8001780979363,182.39660793595692,2025=100 proxy; case mix/category allocation constant; adult workforce versus all-age source scope imperfect,"diagnostic ratio; not measured hours, FTE deficit or capacity-constrained realized volume",False
CABG_claims,2035,high,high,156.49661445364563,113.47913486708642,137.907831811499,2025=100 proxy; case mix/category allocation constant; adult workforce versus all-age source scope imperfect,"diagnostic ratio; not measured hours, FTE deficit or capacity-constrained realized volume",False
CABG_claims,2036,high,low,160.58822529073726,61.01788149259617,263.18223668618,2025=100 proxy; case mix/category allocation constant; adult workforce versus all-age source scope imperfect,"diagnostic ratio; not measured hours, FTE deficit or capacity-constrained realized volume",False
CABG_claims,2036,high,base,160.58822529073726,84.82271642856429,189.32219109721734,2025=100 proxy; case mix/category allocation constant; adult workforce versus all-age source scope imperfect,"diagnostic ratio; not measured hours, FTE deficit or capacity-constrained realized volume",False
CABG_claims,2036,high,high,160.58822529073726,116.09331844740952,138.32684553976637,2025=100 proxy; case mix/category allocation constant; adult workforce versus all-age source scope imperfect,"diagnostic ratio; not measured hours, FTE deficit or capacity-constrained realized volume",False
CABG_claims,2037,high,low,163.8951218463221,58.162071760935135,281.79037796312326,2025=100 proxy; case mix/category allocation constant; adult workforce versus all-age source scope imperfect,"diagnostic ratio; not measured hours, FTE deficit or capacity-constrained realized volume",False
CABG_claims,2037,high,base,163.8951218463221,83.88435322596717,195.382232255904,2025=100 proxy; case mix/category allocation constant; adult workforce versus all-age source scope imperfect,"diagnostic ratio; not measured hours, FTE deficit or capacity-constrained realized volume",False
CABG_claims,2037,high,high,163.8951218463221,118.64868289717535,138.13480086277798,2025=100 proxy; case mix/category allocation constant; adult workforce versus all-age source scope imperfect,"diagnostic ratio; not measured hours, FTE deficit or capacity-constrained realized volume",False
CABG_claims,2038,high,low,167.11737566461463,55.47761061317376,301.2339100720585,2025=100 proxy; case mix/category allocation constant; adult workforce versus all-age source scope imperfect,"diagnostic ratio; not measured hours, FTE deficit or capacity-constrained realized volume",False
CABG_claims,2038,high,base,167.11737566461463,82.98352455147393,201.38621077844584,2025=100 proxy; case mix/category allocation constant; adult workforce versus all-age source scope imperfect,"diagnostic ratio; not measured hours, FTE deficit or capacity-constrained realized volume",False
CABG_claims,2038,high,high,167.11737566461463,121.14655164682145,137.9464569093241,2025=100 proxy; case mix/category allocation constant; adult workforce versus all-age source scope imperfect,"diagnostic ratio; not measured hours, FTE deficit or capacity-constrained realized volume",False
CABG_claims,2039,high,low,170.1576069538927,52.95421713427807,321.329662040735,2025=100 proxy; case mix/category allocation constant; adult workforce versus all-age source scope imperfect,"diagnostic ratio; not measured hours, FTE deficit or capacity-constrained realized volume",False
CABG_claims,2039,high,base,170.1576069538927,82.11872902396043,207.20925539927012,2025=100 proxy; case mix/category allocation constant; adult workforce versus all-age source scope imperfect,"diagnostic ratio; not measured hours, FTE deficit or capacity-constrained realized volume",False
CABG_claims,2039,high,high,170.1576069538927,123.5882183496005,137.6810906623469,2025=100 proxy; case mix/category allocation constant; adult workforce versus all-age source scope imperfect,"diagnostic ratio; not measured hours, FTE deficit or capacity-constrained realized volume",False
CABG_claims,2040,high,low,172.28715578956965,50.58222726411612,340.60808530626537,2025=100 proxy; case mix/category allocation constant; adult workforce versus all-age source scope imperfect,"diagnostic ratio; not measured hours, FTE deficit or capacity-constrained realized volume",False
CABG_claims,2040,high,base,172.28715578956965,81.28852531754747,211.94523472598738,2025=100 proxy; case mix/category allocation constant; adult workforce versus all-age source scope imperfect,"diagnostic ratio; not measured hours, FTE deficit or capacity-constrained realized volume",False
CABG_claims,2040,high,high,172.28715578956965,125.97494755156704,136.76303037875448,2025=100 proxy; case mix/category allocation constant; adult workforce versus all-age source scope imperfect,"diagnostic ratio; not measured hours, FTE deficit or capacity-constrained realized volume",False
valve,2025,low,low,100.0,100.0,100.0,2025=100 proxy; case mix/category allocation constant; adult workforce versus all-age source scope imperfect,"diagnostic ratio; not measured hours, FTE deficit or capacity-constrained realized volume",False
valve,2025,low,base,100.0,100.0,100.0,2025=100 proxy; case mix/category allocation constant; adult workforce versus all-age source scope imperfect,"diagnostic ratio; not measured hours, FTE deficit or capacity-constrained realized volume",False
valve,2025,low,high,100.0,100.0,100.0,2025=100 proxy; case mix/category allocation constant; adult workforce versus all-age source scope imperfect,"diagnostic ratio; not measured hours, FTE deficit or capacity-constrained realized volume",False
valve,2026,low,low,96.1298651414341,95.89473684210526,100.24519416505203,2025=100 proxy; case mix/category allocation constant; adult workforce versus all-age source scope imperfect,"diagnostic ratio; not measured hours, FTE deficit or capacity-constrained realized volume",False
valve,2026,low,base,96.1298651414341,99.22966507177034,96.8761358530292,2025=100 proxy; case mix/category allocation constant; adult workforce versus all-age source scope imperfect,"diagnostic ratio; not measured hours, FTE deficit or capacity-constrained realized volume",False
valve,2026,low,high,96.1298651414341,102.91746411483254,93.4048132338113,2025=100 proxy; case mix/category allocation constant; adult workforce versus all-age source scope imperfect,"diagnostic ratio; not measured hours, FTE deficit or capacity-constrained realized volume",False
valve,2027,low,low,92.038180534987,92.29416267942584,99.72264535805157,2025=100 proxy; case mix/category allocation constant; adult workforce versus all-age source scope imperfect,"diagnostic ratio; not measured hours, FTE deficit or capacity-constrained realized volume",False
valve,2027,low,base,92.038180534987,99.13607655502392,92.84024921432376,2025=100 proxy; case mix/category allocation constant; adult workforce versus all-age source scope imperfect,"diagnostic ratio; not measured hours, FTE deficit or capacity-constrained realized volume",False
valve,2027,low,high,92.038180534987,101.63531399521531,90.55728458645771,2025=100 proxy; case mix/category allocation constant; adult workforce versus all-age source scope imperfect,"diagnostic ratio; not measured hours, FTE deficit or capacity-constrained realized volume",False
valve,2028,low,low,88.17771371069641,89.34024497607656,98.69875970712701,2025=100 proxy; case mix/category allocation constant; adult workforce versus all-age source scope imperfect,"diagnostic ratio; not measured hours, FTE deficit or capacity-constrained realized volume",False
valve,2028,low,base,88.17771371069641,95.94575311004783,91.90371731155037,2025=100 proxy; case mix/category allocation constant; adult workforce versus all-age source scope imperfect,"diagnostic ratio; not measured hours, FTE deficit or capacity-constrained realized volume",False
valve,2028,low,high,88.17771371069641,101.76000268391148,86.65262518181667,2025=100 proxy; case mix/category allocation constant; adult workforce versus all-age source scope imperfect,"diagnostic ratio; not measured hours, FTE deficit or capacity-constrained realized volume",False
valve,2029,low,low,84.16422428458826,84.49657668899523,99.60666761017993,2025=100 proxy; case mix/category allocation constant; adult workforce versus all-age source scope imperfect,"diagnostic ratio; not measured hours, FTE deficit or capacity-constrained realized volume",False
valve,2029,low,base,84.16422428458826,93.9165354258373,89.615980724768,2025=100 proxy; case mix/category allocation constant; adult workforce versus all-age source scope imperfect,"diagnostic ratio; not measured hours, FTE deficit or capacity-constrained realized volume",False
valve,2029,low,high,84.16422428458826,101.53738826945647,82.88988491730366,2025=100 proxy; case mix/category allocation constant; adult workforce versus all-age source scope imperfect,"diagnostic ratio; not measured hours, FTE deficit or capacity-constrained realized volume",False
valve,2030,low,low,80.39808190496646,80.63252371444977,99.70924659345457,2025=100 proxy; case mix/category allocation constant; adult workforce versus all-age source scope imperfect,"diagnostic ratio; not measured hours, FTE deficit or capacity-constrained realized volume",False
valve,2030,low,base,80.39808190496646,91.63260128153107,87.73960444269416,2025=100 proxy; case mix/category allocation constant; adult workforce versus all-age source scope imperfect,"diagnostic ratio; not measured hours, FTE deficit or capacity-constrained realized volume",False
valve,2030,low,high,80.39808190496646,103.04227071760424,78.02436936323343,2025=100 proxy; case mix/category allocation constant; adult workforce versus all-age source scope imperfect,"diagnostic ratio; not measured hours, FTE deficit or capacity-constrained realized volume",False
valve,2031,low,low,78.4525359391261,76.67304119110432,102.32088713370122,2025=100 proxy; case mix/category allocation constant; adult workforce versus all-age source scope imperfect,"diagnostic ratio; not measured hours, FTE deficit or capacity-constrained realized volume",False
valve,2031,low,base,78.4525359391261,90.66729723026984,86.52793050605486,2025=100 proxy; case mix/category allocation constant; adult workforce versus all-age source scope imperfect,"diagnostic ratio; not measured hours, FTE deficit or capacity-constrained realized volume",False
valve,2031,low,high,78.4525359391261,104.16879570301316,75.31289520020513,2025=100 proxy; case mix/category allocation constant; adult workforce versus all-age source scope imperfect,"diagnostic ratio; not measured hours, FTE deficit or capacity-constrained realized volume",False
valve,2032,low,low,76.5013358523796,73.68318503542753,103.82468648117896,2025=100 proxy; case mix/category allocation constant; adult workforce versus all-age source scope imperfect,"diagnostic ratio; not measured hours, FTE deficit or capacity-constrained realized volume",False
valve,2032,low,base,76.5013358523796,89.4951507956045,85.48098435757584,2025=100 proxy; case mix/category allocation constant; adult workforce versus all-age source scope imperfect,"diagnostic ratio; not measured hours, FTE deficit or capacity-constrained realized volume",False
valve,2032,low,high,76.5013358523796,105.26997387625039,72.67156344344721,2025=100 proxy; case mix/category allocation constant; adult workforce versus all-age source scope imperfect,"diagnostic ratio; not measured hours, FTE deficit or capacity-constrained realized volume",False
valve,2033,low,low,74.60186563850839,70.72630876583776,105.47965380959144,2025=100 proxy; case mix/category allocation constant; adult workforce versus all-age source scope imperfect,"diagnostic ratio; not measured hours, FTE deficit or capacity-constrained realized volume",False
valve,2033,low,base,74.60186563850839,87.87898112741668,84.89159146069564,2025=100 proxy; case mix/category allocation constant; adult workforce versus all-age source scope imperfect,"diagnostic ratio; not measured hours, FTE deficit or capacity-constrained realized volume",False
valve,2033,low,high,74.60186563850839,108.0688635788673,69.03178507476845,2025=100 proxy; case mix/category allocation constant; adult workforce versus all-age source scope imperfect,"diagnostic ratio; not measured hours, FTE deficit or capacity-constrained realized volume",False
valve,2034,low,low,72.85575626809128,67.28799339778223,108.27452653758667,2025=100 proxy; case mix/category allocation constant; adult workforce versus all-age source scope imperfect,"diagnostic ratio; not measured hours, FTE deficit or capacity-constrained realized volume",False
valve,2034,low,base,72.85575626809128,86.81836733686546,83.91744570063429,2025=100 proxy; case mix/category allocation constant; adult workforce versus all-age source scope imperfect,"diagnostic ratio; not measured hours, FTE deficit or capacity-constrained realized volume",False
valve,2034,low,high,72.85575626809128,110.80477826317532,65.75145712132529,2025=100 proxy; case mix/category allocation constant; adult workforce versus all-age source scope imperfect,"diagnostic ratio; not measured hours, FTE deficit or capacity-constrained realized volume",False
valve,2035,low,low,71.04593056358118,64.05597695181004,110.91225822225732,2025=100 proxy; case mix/category allocation constant; adult workforce versus all-age source scope imperfect,"diagnostic ratio; not measured hours, FTE deficit or capacity-constrained realized volume",False
valve,2035,low,base,71.04593056358118,85.8001780979363,82.80394299704841,2025=100 proxy; case mix/category allocation constant; adult workforce versus all-age source scope imperfect,"diagnostic ratio; not measured hours, FTE deficit or capacity-constrained realized volume",False
valve,2035,low,high,71.04593056358118,113.47913486708642,62.60704282491618,2025=100 proxy; case mix/category allocation constant; adult workforce versus all-age source scope imperfect,"diagnostic ratio; not measured hours, FTE deficit or capacity-constrained realized volume",False
valve,2036,low,low,69.2987253957135,61.01788149259617,113.57117569563952,2025=100 proxy; case mix/category allocation constant; adult workforce versus all-age source scope imperfect,"diagnostic ratio; not measured hours, FTE deficit or capacity-constrained realized volume",False
valve,2036,low,base,69.2987253957135,84.82271642856429,81.69830950188359,2025=100 proxy; case mix/category allocation constant; adult workforce versus all-age source scope imperfect,"diagnostic ratio; not measured hours, FTE deficit or capacity-constrained realized volume",False
valve,2036,low,high,69.2987253957135,116.09331844740952,59.692259918563664,2025=100 proxy; case mix/category allocation constant; adult workforce versus all-age source scope imperfect,"diagnostic ratio; not measured hours, FTE deficit or capacity-constrained realized volume",False
valve,2037,low,low,67.50699884453019,58.162071760935135,116.0670464456729,2025=100 proxy; case mix/category allocation constant; adult workforce versus all-age source scope imperfect,"diagnostic ratio; not measured hours, FTE deficit or capacity-constrained realized volume",False
valve,2037,low,base,67.50699884453019,83.88435322596717,80.47627030356928,2025=100 proxy; case mix/category allocation constant; adult workforce versus all-age source scope imperfect,"diagnostic ratio; not measured hours, FTE deficit or capacity-constrained realized volume",False
valve,2037,low,high,67.50699884453019,118.64868289717535,56.89654296713421,2025=100 proxy; case mix/category allocation constant; adult workforce versus all-age source scope imperfect,"diagnostic ratio; not measured hours, FTE deficit or capacity-constrained realized volume",False
valve,2038,low,low,65.7182397361786,55.47761061317376,118.45903060679599,2025=100 proxy; case mix/category allocation constant; adult workforce versus all-age source scope imperfect,"diagnostic ratio; not measured hours, FTE deficit or capacity-constrained realized volume",False
valve,2038,low,base,65.7182397361786,82.98352455147393,79.19432211560762,2025=100 proxy; case mix/category allocation constant; adult workforce versus all-age source scope imperfect,"diagnostic ratio; not measured hours, FTE deficit or capacity-constrained realized volume",False
valve,2038,low,high,65.7182397361786,121.14655164682145,54.246892579961326,2025=100 proxy; case mix/category allocation constant; adult workforce versus all-age source scope imperfect,"diagnostic ratio; not measured hours, FTE deficit or capacity-constrained realized volume",False
valve,2039,low,low,63.914579384044856,52.95421713427807,120.69780811219279,2025=100 proxy; case mix/category allocation constant; adult workforce versus all-age source scope imperfect,"diagnostic ratio; not measured hours, FTE deficit or capacity-constrained realized volume",False
valve,2039,low,base,63.914579384044856,82.11872902396043,77.83191501343865,2025=100 proxy; case mix/category allocation constant; adult workforce versus all-age source scope imperfect,"diagnostic ratio; not measured hours, FTE deficit or capacity-constrained realized volume",False
valve,2039,low,high,63.914579384044856,123.5882183496005,51.715754331247275,2025=100 proxy; case mix/category allocation constant; adult workforce versus all-age source scope imperfect,"diagnostic ratio; not measured hours, FTE deficit or capacity-constrained realized volume",False
valve,2040,low,low,62.03408229715796,50.58222726411612,122.64007666812643,2025=100 proxy; case mix/category allocation constant; adult workforce versus all-age source scope imperfect,"diagnostic ratio; not measured hours, FTE deficit or capacity-constrained realized volume",False
valve,2040,low,base,62.03408229715796,81.28852531754747,76.31345513382918,2025=100 proxy; case mix/category allocation constant; adult workforce versus all-age source scope imperfect,"diagnostic ratio; not measured hours, FTE deficit or capacity-constrained realized volume",False
valve,2040,low,high,62.03408229715796,125.97494755156704,49.243189620511416,2025=100 proxy; case mix/category allocation constant; adult workforce versus all-age source scope imperfect,"diagnostic ratio; not measured hours, FTE deficit or capacity-constrained realized volume",False
valve,2025,base,low,100.0,100.0,100.0,2025=100 proxy; case mix/category allocation constant; adult workforce versus all-age source scope imperfect,"diagnostic ratio; not measured hours, FTE deficit or capacity-constrained realized volume",False
valve,2025,base,base,100.0,100.0,100.0,2025=100 proxy; case mix/category allocation constant; adult workforce versus all-age source scope imperfect,"diagnostic ratio; not measured hours, FTE deficit or capacity-constrained realized volume",False
valve,2025,base,high,100.0,100.0,100.0,2025=100 proxy; case mix/category allocation constant; adult workforce versus all-age source scope imperfect,"diagnostic ratio; not measured hours, FTE deficit or capacity-constrained realized volume",False
valve,2026,base,low,100.90864212317052,95.89473684210526,105.22855106148408,2025=100 proxy; case mix/category allocation constant; adult workforce versus all-age source scope imperfect,"diagnostic ratio; not measured hours, FTE deficit or capacity-constrained realized volume",False
valve,2026,base,base,100.90864212317052,99.22966507177034,101.69201120469955,2025=100 proxy; case mix/category allocation constant; adult workforce versus all-age source scope imperfect,"diagnostic ratio; not measured hours, FTE deficit or capacity-constrained realized volume",False
valve,2026,base,high,100.90864212317052,102.91746411483254,98.04812331032502,2025=100 proxy; case mix/category allocation constant; adult workforce versus all-age source scope imperfect,"diagnostic ratio; not measured hours, FTE deficit or capacity-constrained realized volume",False
valve,2027,base,low,101.21157402208961,92.29416267942584,109.66194511524793,2025=100 proxy; case mix/category allocation constant; adult workforce versus all-age source scope imperfect,"diagnostic ratio; not measured hours, FTE deficit or capacity-constrained realized volume",False
valve,2027,base,base,101.21157402208961,99.13607655502392,102.09358443382992,2025=100 proxy; case mix/category allocation constant; adult workforce versus all-age source scope imperfect,"diagnostic ratio; not measured hours, FTE deficit or capacity-constrained realized volume",False
valve,2027,base,high,101.21157402208961,101.63531399521531,99.58307801051744,2025=100 proxy; case mix/category allocation constant; adult workforce versus all-age source scope imperfect,"diagnostic ratio; not measured hours, FTE deficit or capacity-constrained realized volume",False
valve,2028,base,low,101.7031311605574,89.34024497607656,113.8379810664179,2025=100 proxy; case mix/category allocation constant; adult workforce versus all-age source scope imperfect,"diagnostic ratio; not measured hours, FTE deficit or capacity-constrained realized volume",False
valve,2028,base,base,101.7031311605574,95.94575311004783,106.00065960596086,2025=100 proxy; case mix/category allocation constant; adult workforce versus all-age source scope imperfect,"diagnostic ratio; not measured hours, FTE deficit or capacity-constrained realized volume",False
valve,2028,base,high,101.7031311605574,101.76000268391148,99.94411210509622,2025=100 proxy; case mix/category allocation constant; adult workforce versus all-age source scope imperfect,"diagnostic ratio; not measured hours, FTE deficit or capacity-constrained realized volume",False
valve,2029,base,low,101.64195234323839,84.49657668899523,120.29120743831999,2025=100 proxy; case mix/category allocation constant; adult workforce versus all-age source scope imperfect,"diagnostic ratio; not measured hours, FTE deficit or capacity-constrained realized volume",False
valve,2029,base,base,101.64195234323839,93.9165354258373,108.22583252498875,2025=100 proxy; case mix/category allocation constant; adult workforce versus all-age source scope imperfect,"diagnostic ratio; not measured hours, FTE deficit or capacity-constrained realized volume",False
valve,2029,base,high,101.64195234323839,101.53738826945647,100.10298085814895,2025=100 proxy; case mix/category allocation constant; adult workforce versus all-age source scope imperfect,"diagnostic ratio; not measured hours, FTE deficit or capacity-constrained realized volume",False
valve,2030,base,low,101.79942546128396,80.63252371444977,126.2510718649886,2025=100 proxy; case mix/category allocation constant; adult workforce versus all-age source scope imperfect,"diagnostic ratio; not measured hours, FTE deficit or capacity-constrained realized volume",False
valve,2030,base,base,101.79942546128396,91.63260128153107,111.09520414957603,2025=100 proxy; case mix/category allocation constant; adult workforce versus all-age source scope imperfect,"diagnostic ratio; not measured hours, FTE deficit or capacity-constrained realized volume",False
valve,2030,base,high,101.79942546128396,103.04227071760424,98.7938491187501,2025=100 proxy; case mix/category allocation constant; adult workforce versus all-age source scope imperfect,"diagnostic ratio; not measured hours, FTE deficit or capacity-constrained realized volume",False
valve,2031,base,low,101.84494678118128,76.67304119110432,132.8301906368068,2025=100 proxy; case mix/category allocation constant; adult workforce versus all-age source scope imperfect,"diagnostic ratio; not measured hours, FTE deficit or capacity-constrained realized volume",False
valve,2031,base,base,101.84494678118128,90.66729723026984,112.32820420633396,2025=100 proxy; case mix/category allocation constant; adult workforce versus all-age source scope imperfect,"diagnostic ratio; not measured hours, FTE deficit or capacity-constrained realized volume",False
valve,2031,base,high,101.84494678118128,104.16879570301316,97.76915063081154,2025=100 proxy; case mix/category allocation constant; adult workforce versus all-age source scope imperfect,"diagnostic ratio; not measured hours, FTE deficit or capacity-constrained realized volume",False
valve,2032,base,low,101.77565942446655,73.68318503542753,138.12603157088273,2025=100 proxy; case mix/category allocation constant; adult workforce versus all-age source scope imperfect,"diagnostic ratio; not measured hours, FTE deficit or capacity-constrained realized volume",False
valve,2032,base,base,101.77565942446655,89.4951507956045,113.72198216293212,2025=100 proxy; case mix/category allocation constant; adult workforce versus all-age source scope imperfect,"diagnostic ratio; not measured hours, FTE deficit or capacity-constrained realized volume",False
valve,2032,base,high,101.77565942446655,105.26997387625039,96.68061620696177,2025=100 proxy; case mix/category allocation constant; adult workforce versus all-age source scope imperfect,"diagnostic ratio; not measured hours, FTE deficit or capacity-constrained realized volume",False
valve,2033,base,low,101.72372658101017,70.72630876583776,143.82728062028426,2025=100 proxy; case mix/category allocation constant; adult workforce versus all-age source scope imperfect,"diagnostic ratio; not measured hours, FTE deficit or capacity-constrained realized volume",False
valve,2033,base,base,101.72372658101017,87.87898112741668,115.75433087181545,2025=100 proxy; case mix/category allocation constant; adult workforce versus all-age source scope imperfect,"diagnostic ratio; not measured hours, FTE deficit or capacity-constrained realized volume",False
valve,2033,base,high,101.72372658101017,108.0688635788673,94.12861689507217,2025=100 proxy; case mix/category allocation constant; adult workforce versus all-age source scope imperfect,"diagnostic ratio; not measured hours, FTE deficit or capacity-constrained realized volume",False
valve,2034,base,low,101.91636634606714,67.28799339778223,151.46293001126443,2025=100 proxy; case mix/category allocation constant; adult workforce versus all-age source scope imperfect,"diagnostic ratio; not measured hours, FTE deficit or capacity-constrained realized volume",False
valve,2034,base,base,101.91636634606714,86.81836733686546,117.39032819013937,2025=100 proxy; case mix/category allocation constant; adult workforce versus all-age source scope imperfect,"diagnostic ratio; not measured hours, FTE deficit or capacity-constrained realized volume",False
valve,2034,base,high,101.91636634606714,110.80477826317532,91.97831352002069,2025=100 proxy; case mix/category allocation constant; adult workforce versus all-age source scope imperfect,"diagnostic ratio; not measured hours, FTE deficit or capacity-constrained realized volume",False
valve,2035,base,low,101.86459757390791,64.05597695181004,159.02434467675312,2025=100 proxy; case mix/category allocation constant; adult workforce versus all-age source scope imperfect,"diagnostic ratio; not measured hours, FTE deficit or capacity-constrained realized volume",False
valve,2035,base,base,101.86459757390791,85.8001780979363,118.72306075825966,2025=100 proxy; case mix/category allocation constant; adult workforce versus all-age source scope imperfect,"diagnostic ratio; not measured hours, FTE deficit or capacity-constrained realized volume",False
valve,2035,base,high,101.86459757390791,113.47913486708642,89.76504596480918,2025=100 proxy; case mix/category allocation constant; adult workforce versus all-age source scope imperfect,"diagnostic ratio; not measured hours, FTE deficit or capacity-constrained realized volume",False
valve,2036,base,low,101.85485949208135,61.01788149259617,166.9262468649297,2025=100 proxy; case mix/category allocation constant; adult workforce versus all-age source scope imperfect,"diagnostic ratio; not measured hours, FTE deficit or capacity-constrained realized volume",False
valve,2036,base,base,101.85485949208135,84.82271642856429,120.07969537012073,2025=100 proxy; case mix/category allocation constant; adult workforce versus all-age source scope imperfect,"diagnostic ratio; not measured hours, FTE deficit or capacity-constrained realized volume",False
valve,2036,base,high,101.85485949208135,116.09331844740952,87.73533296683374,2025=100 proxy; case mix/category allocation constant; adult workforce versus all-age source scope imperfect,"diagnostic ratio; not measured hours, FTE deficit or capacity-constrained realized volume",False
valve,2037,base,low,101.64424184483131,58.162071760935135,174.76035286814044,2025=100 proxy; case mix/category allocation constant; adult workforce versus all-age source scope imperfect,"diagnostic ratio; not measured hours, FTE deficit or capacity-constrained realized volume",False
valve,2037,base,base,101.64424184483131,83.88435322596717,121.17187286527995,2025=100 proxy; case mix/category allocation constant; adult workforce versus all-age source scope imperfect,"diagnostic ratio; not measured hours, FTE deficit or capacity-constrained realized volume",False
valve,2037,base,high,101.64424184483131,118.64868289717535,85.66824288552733,2025=100 proxy; case mix/category allocation constant; adult workforce versus all-age source scope imperfect,"diagnostic ratio; not measured hours, FTE deficit or capacity-constrained realized volume",False
valve,2038,base,low,101.34825749411742,55.47761061317376,182.68316961374535,2025=100 proxy; case mix/category allocation constant; adult workforce versus all-age source scope imperfect,"diagnostic ratio; not measured hours, FTE deficit or capacity-constrained realized volume",False
valve,2038,base,base,101.34825749411742,82.98352455147393,122.13057717408955,2025=100 proxy; case mix/category allocation constant; adult workforce versus all-age source scope imperfect,"diagnostic ratio; not measured hours, FTE deficit or capacity-constrained realized volume",False
valve,2038,base,high,101.34825749411742,121.14655164682145,83.65756690258753,2025=100 proxy; case mix/category allocation constant; adult workforce versus all-age source scope imperfect,"diagnostic ratio; not measured hours, FTE deficit or capacity-constrained realized volume",False
valve,2039,base,low,100.9176582455377,52.95421713427807,190.5753001496309,2025=100 proxy; case mix/category allocation constant; adult workforce versus all-age source scope imperfect,"diagnostic ratio; not measured hours, FTE deficit or capacity-constrained realized volume",False
valve,2039,base,base,100.9176582455377,82.11872902396043,122.89237722626243,2025=100 proxy; case mix/category allocation constant; adult workforce versus all-age source scope imperfect,"diagnostic ratio; not measured hours, FTE deficit or capacity-constrained realized volume",False
valve,2039,base,high,100.9176582455377,123.5882183496005,81.65637436415388,2025=100 proxy; case mix/category allocation constant; adult workforce versus all-age source scope imperfect,"diagnostic ratio; not measured hours, FTE deficit or capacity-constrained realized volume",False
valve,2040,base,low,100.19255088166518,50.58222726411612,198.0785669213571,2025=100 proxy; case mix/category allocation constant; adult workforce versus all-age source scope imperfect,"diagnostic ratio; not measured hours, FTE deficit or capacity-constrained realized volume",False
valve,2040,base,base,100.19255088166518,81.28852531754747,123.25546624233934,2025=100 proxy; case mix/category allocation constant; adult workforce versus all-age source scope imperfect,"diagnostic ratio; not measured hours, FTE deficit or capacity-constrained realized volume",False
valve,2040,base,high,100.19255088166518,125.97494755156704,79.53371112986731,2025=100 proxy; case mix/category allocation constant; adult workforce versus all-age source scope imperfect,"diagnostic ratio; not measured hours, FTE deficit or capacity-constrained realized volume",False
valve,2025,high,low,100.0,100.0,100.0,2025=100 proxy; case mix/category allocation constant; adult workforce versus all-age source scope imperfect,"diagnostic ratio; not measured hours, FTE deficit or capacity-constrained realized volume",False
valve,2025,high,base,100.0,100.0,100.0,2025=100 proxy; case mix/category allocation constant; adult workforce versus all-age source scope imperfect,"diagnostic ratio; not measured hours, FTE deficit or capacity-constrained realized volume",False
valve,2025,high,high,100.0,100.0,100.0,2025=100 proxy; case mix/category allocation constant; adult workforce versus all-age source scope imperfect,"diagnostic ratio; not measured hours, FTE deficit or capacity-constrained realized volume",False
valve,2026,high,low,104.81177976763294,95.89473684210526,109.2987824141068,2025=100 proxy; case mix/category allocation constant; adult workforce versus all-age source scope imperfect,"diagnostic ratio; not measured hours, FTE deficit or capacity-constrained realized volume",False
valve,2026,high,base,104.81177976763294,99.22966507177034,105.62544949821728,2025=100 proxy; case mix/category allocation constant; adult workforce versus all-age source scope imperfect,"diagnostic ratio; not measured hours, FTE deficit or capacity-constrained realized volume",False
valve,2026,high,high,104.81177976763294,102.91746411483254,101.84061633182759,2025=100 proxy; case mix/category allocation constant; adult workforce versus all-age source scope imperfect,"diagnostic ratio; not measured hours, FTE deficit or capacity-constrained realized volume",False
valve,2027,high,low,108.8707724903199,92.29416267942584,117.96062646829701,2025=100 proxy; case mix/category allocation constant; adult workforce versus all-age source scope imperfect,"diagnostic ratio; not measured hours, FTE deficit or capacity-constrained realized volume",False
valve,2027,high,base,108.8707724903199,99.13607655502392,109.81952914980741,2025=100 proxy; case mix/category allocation constant; adult workforce versus all-age source scope imperfect,"diagnostic ratio; not measured hours, FTE deficit or capacity-constrained realized volume",False
valve,2027,high,high,108.8707724903199,101.63531399521531,107.11903984027167,2025=100 proxy; case mix/category allocation constant; adult workforce versus all-age source scope imperfect,"diagnostic ratio; not measured hours, FTE deficit or capacity-constrained realized volume",False
valve,2028,high,low,113.35117990031137,89.34024497607656,126.8758328686746,2025=100 proxy; case mix/category allocation constant; adult workforce versus all-age source scope imperfect,"diagnostic ratio; not measured hours, FTE deficit or capacity-constrained realized volume",False
valve,2028,high,base,113.35117990031137,95.94575311004783,118.1409038191611,2025=100 proxy; case mix/category allocation constant; adult workforce versus all-age source scope imperfect,"diagnostic ratio; not measured hours, FTE deficit or capacity-constrained realized volume",False
valve,2028,high,high,113.35117990031137,101.76000268391148,111.39070058046734,2025=100 proxy; case mix/category allocation constant; adult workforce versus all-age source scope imperfect,"diagnostic ratio; not measured hours, FTE deficit or capacity-constrained realized volume",False
valve,2029,high,low,115.9697062196426,84.49657668899523,137.24781614110813,2025=100 proxy; case mix/category allocation constant; adult workforce versus all-age source scope imperfect,"diagnostic ratio; not measured hours, FTE deficit or capacity-constrained realized volume",False
valve,2029,high,base,115.9697062196426,93.9165354258373,123.48166986123542,2025=100 proxy; case mix/category allocation constant; adult workforce versus all-age source scope imperfect,"diagnostic ratio; not measured hours, FTE deficit or capacity-constrained realized volume",False
valve,2029,high,high,115.9697062196426,101.53738826945647,114.21379670696881,2025=100 proxy; case mix/category allocation constant; adult workforce versus all-age source scope imperfect,"diagnostic ratio; not measured hours, FTE deficit or capacity-constrained realized volume",False
valve,2030,high,low,118.98469154423705,80.63252371444977,147.56414169250957,2025=100 proxy; case mix/category allocation constant; adult workforce versus all-age source scope imperfect,"diagnostic ratio; not measured hours, FTE deficit or capacity-constrained realized volume",False
valve,2030,high,base,118.98469154423705,91.63260128153107,129.84973675326503,2025=100 proxy; case mix/category allocation constant; adult workforce versus all-age source scope imperfect,"diagnostic ratio; not measured hours, FTE deficit or capacity-constrained realized volume",False
valve,2030,high,high,118.98469154423705,103.04227071760424,115.47172894736018,2025=100 proxy; case mix/category allocation constant; adult workforce versus all-age source scope imperfect,"diagnostic ratio; not measured hours, FTE deficit or capacity-constrained realized volume",False
valve,2031,high,low,121.89084278570732,76.67304119110432,158.97483769021179,2025=100 proxy; case mix/category allocation constant; adult workforce versus all-age source scope imperfect,"diagnostic ratio; not measured hours, FTE deficit or capacity-constrained realized volume",False
valve,2031,high,base,121.89084278570732,90.66729723026984,134.43749456448262,2025=100 proxy; case mix/category allocation constant; adult workforce versus all-age source scope imperfect,"diagnostic ratio; not measured hours, FTE deficit or capacity-constrained realized volume",False
valve,2031,high,high,121.89084278570732,104.16879570301316,117.01281747868141,2025=100 proxy; case mix/category allocation constant; adult workforce versus all-age source scope imperfect,"diagnostic ratio; not measured hours, FTE deficit or capacity-constrained realized volume",False
valve,2032,high,low,124.66156581840826,73.68318503542753,169.18590823465337,2025=100 proxy; case mix/category allocation constant; adult workforce versus all-age source scope imperfect,"diagnostic ratio; not measured hours, FTE deficit or capacity-constrained realized volume",False
valve,2032,high,base,124.66156581840826,89.4951507956045,139.2942128262562,2025=100 proxy; case mix/category allocation constant; adult workforce versus all-age source scope imperfect,"diagnostic ratio; not measured hours, FTE deficit or capacity-constrained realized volume",False
valve,2032,high,high,124.66156581840826,105.26997387625039,118.42081956337671,2025=100 proxy; case mix/category allocation constant; adult workforce versus all-age source scope imperfect,"diagnostic ratio; not measured hours, FTE deficit or capacity-constrained realized volume",False
valve,2033,high,low,127.51303370758428,70.72630876583776,180.29080823340757,2025=100 proxy; case mix/category allocation constant; adult workforce versus all-age source scope imperfect,"diagnostic ratio; not measured hours, FTE deficit or capacity-constrained realized volume",False
valve,2033,high,base,127.51303370758428,87.87898112741668,145.1007192751834,2025=100 proxy; case mix/category allocation constant; adult workforce versus all-age source scope imperfect,"diagnostic ratio; not measured hours, FTE deficit or capacity-constrained realized volume",False
valve,2033,high,high,127.51303370758428,108.0688635788673,117.99238882023302,2025=100 proxy; case mix/category allocation constant; adult workforce versus all-age source scope imperfect,"diagnostic ratio; not measured hours, FTE deficit or capacity-constrained realized volume",False
valve,2034,high,low,130.84245300900054,67.28799339778223,194.45141161441296,2025=100 proxy; case mix/category allocation constant; adult workforce versus all-age source scope imperfect,"diagnostic ratio; not measured hours, FTE deficit or capacity-constrained realized volume",False
valve,2034,high,base,130.84245300900054,86.81836733686546,150.708262574573,2025=100 proxy; case mix/category allocation constant; adult workforce versus all-age source scope imperfect,"diagnostic ratio; not measured hours, FTE deficit or capacity-constrained realized volume",False
valve,2034,high,high,130.84245300900054,110.80477826317532,118.08376412994863,2025=100 proxy; case mix/category allocation constant; adult workforce versus all-age source scope imperfect,"diagnostic ratio; not measured hours, FTE deficit or capacity-constrained realized volume",False
valve,2035,high,low,133.82112605142393,64.05597695181004,208.91278600293447,2025=100 proxy; case mix/category allocation constant; adult workforce versus all-age source scope imperfect,"diagnostic ratio; not measured hours, FTE deficit or capacity-constrained realized volume",False
valve,2035,high,base,133.82112605142393,85.8001780979363,155.9683546328707,2025=100 proxy; case mix/category allocation constant; adult workforce versus all-age source scope imperfect,"diagnostic ratio; not measured hours, FTE deficit or capacity-constrained realized volume",False
valve,2035,high,high,133.82112605142393,113.47913486708642,117.92575455229128,2025=100 proxy; case mix/category allocation constant; adult workforce versus all-age source scope imperfect,"diagnostic ratio; not measured hours, FTE deficit or capacity-constrained realized volume",False
valve,2036,high,low,136.93917998416427,61.01788149259617,224.42467131668656,2025=100 proxy; case mix/category allocation constant; adult workforce versus all-age source scope imperfect,"diagnostic ratio; not measured hours, FTE deficit or capacity-constrained realized volume",False
valve,2036,high,base,136.93917998416427,84.82271642856429,161.44163468225076,2025=100 proxy; case mix/category allocation constant; adult workforce versus all-age source scope imperfect,"diagnostic ratio; not measured hours, FTE deficit or capacity-constrained realized volume",False
valve,2036,high,high,136.93917998416427,116.09331844740952,117.956125137553,2025=100 proxy; case mix/category allocation constant; adult workforce versus all-age source scope imperfect,"diagnostic ratio; not measured hours, FTE deficit or capacity-constrained realized volume",False
valve,2037,high,low,139.7590358232188,58.162071760935135,240.2923960440637,2025=100 proxy; case mix/category allocation constant; adult workforce versus all-age source scope imperfect,"diagnostic ratio; not measured hours, FTE deficit or capacity-constrained realized volume",False
valve,2037,high,base,139.7590358232188,83.88435322596717,166.60918329636127,2025=100 proxy; case mix/category allocation constant; adult workforce versus all-age source scope imperfect,"diagnostic ratio; not measured hours, FTE deficit or capacity-constrained realized volume",False
valve,2037,high,high,139.7590358232188,118.64868289717535,117.79231965376162,2025=100 proxy; case mix/category allocation constant; adult workforce versus all-age source scope imperfect,"diagnostic ratio; not measured hours, FTE deficit or capacity-constrained realized volume",False
valve,2038,high,low,142.46343708914998,55.47761061317376,256.7944717058894,2025=100 proxy; case mix/category allocation constant; adult workforce versus all-age source scope imperfect,"diagnostic ratio; not measured hours, FTE deficit or capacity-constrained realized volume",False
valve,2038,high,base,142.46343708914998,82.98352455147393,171.67677302110877,2025=100 proxy; case mix/category allocation constant; adult workforce versus all-age source scope imperfect,"diagnostic ratio; not measured hours, FTE deficit or capacity-constrained realized volume",False
valve,2038,high,high,142.46343708914998,121.14655164682145,117.59594899941818,2025=100 proxy; case mix/category allocation constant; adult workforce versus all-age source scope imperfect,"diagnostic ratio; not measured hours, FTE deficit or capacity-constrained realized volume",False
valve,2039,high,low,144.97484405652838,52.95421713427807,273.77393511249545,2025=100 proxy; case mix/category allocation constant; adult workforce versus all-age source scope imperfect,"diagnostic ratio; not measured hours, FTE deficit or capacity-constrained realized volume",False
valve,2039,high,base,144.97484405652838,82.11872902396043,176.54297110982796,2025=100 proxy; case mix/category allocation constant; adult workforce versus all-age source scope imperfect,"diagnostic ratio; not measured hours, FTE deficit or capacity-constrained realized volume",False
valve,2039,high,high,144.97484405652838,123.5882183496005,117.30474473418688,2025=100 proxy; case mix/category allocation constant; adult workforce versus all-age source scope imperfect,"diagnostic ratio; not measured hours, FTE deficit or capacity-constrained realized volume",False
valve,2040,high,low,146.97743511204706,50.58222726411612,290.57129956852515,2025=100 proxy; case mix/category allocation constant; adult workforce versus all-age source scope imperfect,"diagnostic ratio; not measured hours, FTE deficit or capacity-constrained realized volume",False
valve,2040,high,base,146.97743511204706,81.28852531754747,180.80957249241618,2025=100 proxy; case mix/category allocation constant; adult workforce versus all-age source scope imperfect,"diagnostic ratio; not measured hours, FTE deficit or capacity-constrained realized volume",False
valve,2040,high,high,146.97743511204706,125.97494755156704,116.67195578857677,2025=100 proxy; case mix/category allocation constant; adult workforce versus all-age source scope imperfect,"diagnostic ratio; not measured hours, FTE deficit or capacity-constrained realized volume",False
aorta,2025,low,low,100.0,100.0,100.0,2025=100 proxy; case mix/category allocation constant; adult workforce versus all-age source scope imperfect,"diagnostic ratio; not measured hours, FTE deficit or capacity-constrained realized volume",False
aorta,2025,low,base,100.0,100.0,100.0,2025=100 proxy; case mix/category allocation constant; adult workforce versus all-age source scope imperfect,"diagnostic ratio; not measured hours, FTE deficit or capacity-constrained realized volume",False
aorta,2025,low,high,100.0,100.0,100.0,2025=100 proxy; case mix/category allocation constant; adult workforce versus all-age source scope imperfect,"diagnostic ratio; not measured hours, FTE deficit or capacity-constrained realized volume",False
aorta,2026,low,low,98.47545615937075,95.89473684210526,102.69120016619344,2025=100 proxy; case mix/category allocation constant; adult workforce versus all-age source scope imperfect,"diagnostic ratio; not measured hours, FTE deficit or capacity-constrained realized volume",False
aorta,2026,low,base,98.47545615937075,99.22966507177034,99.23993604951292,2025=100 proxy; case mix/category allocation constant; adult workforce versus all-age source scope imperfect,"diagnostic ratio; not measured hours, FTE deficit or capacity-constrained realized volume",False
aorta,2026,low,high,98.47545615937075,102.91746411483254,95.68391235280971,2025=100 proxy; case mix/category allocation constant; adult workforce versus all-age source scope imperfect,"diagnostic ratio; not measured hours, FTE deficit or capacity-constrained realized volume",False
aorta,2027,low,low,96.49868126133111,92.29416267942584,104.55556284367542,2025=100 proxy; case mix/category allocation constant; adult workforce versus all-age source scope imperfect,"diagnostic ratio; not measured hours, FTE deficit or capacity-constrained realized volume",False
aorta,2027,low,base,96.49868126133111,99.13607655502392,97.33962106899706,2025=100 proxy; case mix/category allocation constant; adult workforce versus all-age source scope imperfect,"diagnostic ratio; not measured hours, FTE deficit or capacity-constrained realized volume",False
aorta,2027,low,high,96.49868126133111,101.63531399521531,94.94601577742357,2025=100 proxy; case mix/category allocation constant; adult workforce versus all-age source scope imperfect,"diagnostic ratio; not measured hours, FTE deficit or capacity-constrained realized volume",False
aorta,2028,low,low,94.64739582078512,89.34024497607656,105.94038089567552,2025=100 proxy; case mix/category allocation constant; adult workforce versus all-age source scope imperfect,"diagnostic ratio; not measured hours, FTE deficit or capacity-constrained realized volume",False
aorta,2028,low,base,94.64739582078512,95.94575311004783,98.64677982383074,2025=100 proxy; case mix/category allocation constant; adult workforce versus all-age source scope imperfect,"diagnostic ratio; not measured hours, FTE deficit or capacity-constrained realized volume",False
aorta,2028,low,high,94.64739582078512,101.76000268391148,93.01041010659202,2025=100 proxy; case mix/category allocation constant; adult workforce versus all-age source scope imperfect,"diagnostic ratio; not measured hours, FTE deficit or capacity-constrained realized volume",False
aorta,2029,low,low,92.41240900737014,84.49657668899523,109.36822842836645,2025=100 proxy; case mix/category allocation constant; adult workforce versus all-age source scope imperfect,"diagnostic ratio; not measured hours, FTE deficit or capacity-constrained realized volume",False
aorta,2029,low,base,92.41240900737014,93.9165354258373,98.39844345657862,2025=100 proxy; case mix/category allocation constant; adult workforce versus all-age source scope imperfect,"diagnostic ratio; not measured hours, FTE deficit or capacity-constrained realized volume",False
aorta,2029,low,high,92.41240900737014,101.53738826945647,91.01318300814398,2025=100 proxy; case mix/category allocation constant; adult workforce versus all-age source scope imperfect,"diagnostic ratio; not measured hours, FTE deficit or capacity-constrained realized volume",False
aorta,2030,low,low,90.33105025194166,80.63252371444977,112.02805777459979,2025=100 proxy; case mix/category allocation constant; adult workforce versus all-age source scope imperfect,"diagnostic ratio; not measured hours, FTE deficit or capacity-constrained realized volume",False
aorta,2030,low,base,90.33105025194166,91.63260128153107,98.57959829647253,2025=100 proxy; case mix/category allocation constant; adult workforce versus all-age source scope imperfect,"diagnostic ratio; not measured hours, FTE deficit or capacity-constrained realized volume",False
aorta,2030,low,high,90.33105025194166,103.04227071760424,87.66407186377063,2025=100 proxy; case mix/category allocation constant; adult workforce versus all-age source scope imperfect,"diagnostic ratio; not measured hours, FTE deficit or capacity-constrained realized volume",False
aorta,2031,low,low,90.18189538597554,76.67304119110432,117.61877967146364,2025=100 proxy; case mix/category allocation constant; adult workforce versus all-age source scope imperfect,"diagnostic ratio; not measured hours, FTE deficit or capacity-constrained realized volume",False
aorta,2031,low,base,90.18189538597554,90.66729723026984,99.4646340421271,2025=100 proxy; case mix/category allocation constant; adult workforce versus all-age source scope imperfect,"diagnostic ratio; not measured hours, FTE deficit or capacity-constrained realized volume",False
aorta,2031,low,high,90.18189538597554,104.16879570301316,86.57285012978888,2025=100 proxy; case mix/category allocation constant; adult workforce versus all-age source scope imperfect,"diagnostic ratio; not measured hours, FTE deficit or capacity-constrained realized volume",False
aorta,2032,low,low,89.95844215553699,73.68318503542753,122.0881563579047,2025=100 proxy; case mix/category allocation constant; adult workforce versus all-age source scope imperfect,"diagnostic ratio; not measured hours, FTE deficit or capacity-constrained realized volume",False
aorta,2032,low,base,89.95844215553699,89.4951507956045,100.51767202559452,2025=100 proxy; case mix/category allocation constant; adult workforce versus all-age source scope imperfect,"diagnostic ratio; not measured hours, FTE deficit or capacity-constrained realized volume",False
aorta,2032,low,high,89.95844215553699,105.26997387625039,85.45498668147026,2025=100 proxy; case mix/category allocation constant; adult workforce versus all-age source scope imperfect,"diagnostic ratio; not measured hours, FTE deficit or capacity-constrained realized volume",False
aorta,2033,low,low,89.7427276776417,70.72630876583776,126.88733406795471,2025=100 proxy; case mix/category allocation constant; adult workforce versus all-age source scope imperfect,"diagnostic ratio; not measured hours, FTE deficit or capacity-constrained realized volume",False
aorta,2033,low,base,89.7427276776417,87.87898112741668,102.1208103761726,2025=100 proxy; case mix/category allocation constant; adult workforce versus all-age source scope imperfect,"diagnostic ratio; not measured hours, FTE deficit or capacity-constrained realized volume",False
aorta,2033,low,high,89.7427276776417,108.0688635788673,83.04216839677284,2025=100 proxy; case mix/category allocation constant; adult workforce versus all-age source scope imperfect,"diagnostic ratio; not measured hours, FTE deficit or capacity-constrained realized volume",False
aorta,2034,low,low,89.68995361305517,67.28799339778223,133.2926560654598,2025=100 proxy; case mix/category allocation constant; adult workforce versus all-age source scope imperfect,"diagnostic ratio; not measured hours, FTE deficit or capacity-constrained realized volume",False
aorta,2034,low,base,89.68995361305517,86.81836733686546,103.30757921886232,2025=100 proxy; case mix/category allocation constant; adult workforce versus all-age source scope imperfect,"diagnostic ratio; not measured hours, FTE deficit or capacity-constrained realized volume",False
aorta,2034,low,high,89.68995361305517,110.80477826317532,80.94412083929289,2025=100 proxy; case mix/category allocation constant; adult workforce versus all-age source scope imperfect,"diagnostic ratio; not measured hours, FTE deficit or capacity-constrained realized volume",False
aorta,2035,low,low,89.4777828061551,64.05597695181004,139.68685993731725,2025=100 proxy; case mix/category allocation constant; adult workforce versus all-age source scope imperfect,"diagnostic ratio; not measured hours, FTE deficit or capacity-constrained realized volume",False
aorta,2035,low,base,89.4777828061551,85.8001780979363,104.2862436765819,2025=100 proxy; case mix/category allocation constant; adult workforce versus all-age source scope imperfect,"diagnostic ratio; not measured hours, FTE deficit or capacity-constrained realized volume",False
aorta,2035,low,high,89.4777828061551,113.47913486708642,78.84954613987573,2025=100 proxy; case mix/category allocation constant; adult workforce versus all-age source scope imperfect,"diagnostic ratio; not measured hours, FTE deficit or capacity-constrained realized volume",False
aorta,2036,low,low,89.29683608821375,61.01788149259617,146.34535631829323,2025=100 proxy; case mix/category allocation constant; adult workforce versus all-age source scope imperfect,"diagnostic ratio; not measured hours, FTE deficit or capacity-constrained realized volume",False
aorta,2036,low,base,89.29683608821375,84.82271642856429,105.27467151257466,2025=100 proxy; case mix/category allocation constant; adult workforce versus all-age source scope imperfect,"diagnostic ratio; not measured hours, FTE deficit or capacity-constrained realized volume",False
aorta,2036,low,high,89.29683608821375,116.09331844740952,76.91815281227005,2025=100 proxy; case mix/category allocation constant; adult workforce versus all-age source scope imperfect,"diagnostic ratio; not measured hours, FTE deficit or capacity-constrained realized volume",False
aorta,2037,low,low,88.97881285926488,58.162071760935135,152.9842561747052,2025=100 proxy; case mix/category allocation constant; adult workforce versus all-age source scope imperfect,"diagnostic ratio; not measured hours, FTE deficit or capacity-constrained realized volume",False
aorta,2037,low,base,88.97881285926488,83.88435322596717,106.07319415049226,2025=100 proxy; case mix/category allocation constant; adult workforce versus all-age source scope imperfect,"diagnostic ratio; not measured hours, FTE deficit or capacity-constrained realized volume",False
aorta,2037,low,high,88.97881285926488,118.64868289717535,74.99351083094339,2025=100 proxy; case mix/category allocation constant; adult workforce versus all-age source scope imperfect,"diagnostic ratio; not measured hours, FTE deficit or capacity-constrained realized volume",False
aorta,2038,low,low,88.59588718232621,55.47761061317376,159.69665276335488,2025=100 proxy; case mix/category allocation constant; adult workforce versus all-age source scope imperfect,"diagnostic ratio; not measured hours, FTE deficit or capacity-constrained realized volume",False
aorta,2038,low,base,88.59588718232621,82.98352455147393,106.76322518377847,2025=100 proxy; case mix/category allocation constant; adult workforce versus all-age source scope imperfect,"diagnostic ratio; not measured hours, FTE deficit or capacity-constrained realized volume",False
aorta,2038,low,high,88.59588718232621,121.14655164682145,73.13116715084867,2025=100 proxy; case mix/category allocation constant; adult workforce versus all-age source scope imperfect,"diagnostic ratio; not measured hours, FTE deficit or capacity-constrained realized volume",False
aorta,2039,low,low,88.11683785012579,52.95421713427807,166.40192720946945,2025=100 proxy; case mix/category allocation constant; adult workforce versus all-age source scope imperfect,"diagnostic ratio; not measured hours, FTE deficit or capacity-constrained realized volume",False
aorta,2039,low,base,88.11683785012579,82.11872902396043,107.30419101398323,2025=100 proxy; case mix/category allocation constant; adult workforce versus all-age source scope imperfect,"diagnostic ratio; not measured hours, FTE deficit or capacity-constrained realized volume",False
aorta,2039,low,high,88.11683785012579,123.5882183496005,71.29873626049455,2025=100 proxy; case mix/category allocation constant; adult workforce versus all-age source scope imperfect,"diagnostic ratio; not measured hours, FTE deficit or capacity-constrained realized volume",False
aorta,2040,low,low,87.43126877510562,50.58222726411612,172.84978045466738,2025=100 proxy; case mix/category allocation constant; adult workforce versus all-age source scope imperfect,"diagnostic ratio; not measured hours, FTE deficit or capacity-constrained realized volume",False
aorta,2040,low,base,87.43126877510562,81.28852531754747,107.55671656431458,2025=100 proxy; case mix/category allocation constant; adult workforce versus all-age source scope imperfect,"diagnostic ratio; not measured hours, FTE deficit or capacity-constrained realized volume",False
aorta,2040,low,high,87.43126877510562,125.97494755156704,69.40369531752827,2025=100 proxy; case mix/category allocation constant; adult workforce versus all-age source scope imperfect,"diagnostic ratio; not measured hours, FTE deficit or capacity-constrained realized volume",False
aorta,2025,base,low,100.0,100.0,100.0,2025=100 proxy; case mix/category allocation constant; adult workforce versus all-age source scope imperfect,"diagnostic ratio; not measured hours, FTE deficit or capacity-constrained realized volume",False
aorta,2025,base,base,100.0,100.0,100.0,2025=100 proxy; case mix/category allocation constant; adult workforce versus all-age source scope imperfect,"diagnostic ratio; not measured hours, FTE deficit or capacity-constrained realized volume",False
aorta,2025,base,high,100.0,100.0,100.0,2025=100 proxy; case mix/category allocation constant; adult workforce versus all-age source scope imperfect,"diagnostic ratio; not measured hours, FTE deficit or capacity-constrained realized volume",False
aorta,2026,base,low,102.29511969301956,95.89473684210526,106.674383873072,2025=100 proxy; case mix/category allocation constant; adult workforce versus all-age source scope imperfect,"diagnostic ratio; not measured hours, FTE deficit or capacity-constrained realized volume",False
aorta,2026,base,base,102.29511969301956,99.22966507177034,103.08925221004431,2025=100 proxy; case mix/category allocation constant; adult workforce versus all-age source scope imperfect,"diagnostic ratio; not measured hours, FTE deficit or capacity-constrained realized volume",False
aorta,2026,base,high,102.29511969301956,102.91746411483254,99.3952975550208,2025=100 proxy; case mix/category allocation constant; adult workforce versus all-age source scope imperfect,"diagnostic ratio; not measured hours, FTE deficit or capacity-constrained realized volume",False
aorta,2027,base,low,103.97112695605513,92.29416267942584,112.65189903416537,2025=100 proxy; case mix/category allocation constant; adult workforce versus all-age source scope imperfect,"diagnostic ratio; not measured hours, FTE deficit or capacity-constrained realized volume",False
aorta,2027,base,base,103.97112695605513,99.13607655502392,104.8771855504566,2025=100 proxy; case mix/category allocation constant; adult workforce versus all-age source scope imperfect,"diagnostic ratio; not measured hours, FTE deficit or capacity-constrained realized volume",False
aorta,2027,base,high,103.97112695605513,101.63531399521531,102.2982296890919,2025=100 proxy; case mix/category allocation constant; adult workforce versus all-age source scope imperfect,"diagnostic ratio; not measured hours, FTE deficit or capacity-constrained realized volume",False
aorta,2028,base,low,105.87874250363794,89.34024497607656,118.51181125817378,2025=100 proxy; case mix/category allocation constant; adult workforce versus all-age source scope imperfect,"diagnostic ratio; not measured hours, FTE deficit or capacity-constrained realized volume",False
aorta,2028,base,base,105.87874250363794,95.94575311004783,110.35271397807172,2025=100 proxy; case mix/category allocation constant; adult workforce versus all-age source scope imperfect,"diagnostic ratio; not measured hours, FTE deficit or capacity-constrained realized volume",False
aorta,2028,base,high,105.87874250363794,101.76000268391148,104.04750364690945,2025=100 proxy; case mix/category allocation constant; adult workforce versus all-age source scope imperfect,"diagnostic ratio; not measured hours, FTE deficit or capacity-constrained realized volume",False
aorta,2029,base,low,107.20042880668505,84.49657668899523,126.86955259886494,2025=100 proxy; case mix/category allocation constant; adult workforce versus all-age source scope imperfect,"diagnostic ratio; not measured hours, FTE deficit or capacity-constrained realized volume",False
aorta,2029,base,base,107.20042880668505,93.9165354258373,114.14436054376984,2025=100 proxy; case mix/category allocation constant; adult workforce versus all-age source scope imperfect,"diagnostic ratio; not measured hours, FTE deficit or capacity-constrained realized volume",False
aorta,2029,base,high,107.20042880668505,101.53738826945647,105.57729584515232,2025=100 proxy; case mix/category allocation constant; adult workforce versus all-age source scope imperfect,"diagnostic ratio; not measured hours, FTE deficit or capacity-constrained realized volume",False
aorta,2030,base,low,108.78360719390612,80.63252371444977,134.91281455997824,2025=100 proxy; case mix/category allocation constant; adult workforce versus all-age source scope imperfect,"diagnostic ratio; not measured hours, FTE deficit or capacity-constrained realized volume",False
aorta,2030,base,base,108.78360719390612,91.63260128153107,118.71714397769904,2025=100 proxy; case mix/category allocation constant; adult workforce versus all-age source scope imperfect,"diagnostic ratio; not measured hours, FTE deficit or capacity-constrained realized volume",False
aorta,2030,base,high,108.78360719390612,103.04227071760424,105.5718264323158,2025=100 proxy; case mix/category allocation constant; adult workforce versus all-age source scope imperfect,"diagnostic ratio; not measured hours, FTE deficit or capacity-constrained realized volume",False
aorta,2031,base,low,110.26066884661086,76.67304119110432,143.8063067979667,2025=100 proxy; case mix/category allocation constant; adult workforce versus all-age source scope imperfect,"diagnostic ratio; not measured hours, FTE deficit or capacity-constrained realized volume",False
aorta,2031,base,base,110.26066884661086,90.66729723026984,121.61018604820575,2025=100 proxy; case mix/category allocation constant; adult workforce versus all-age source scope imperfect,"diagnostic ratio; not measured hours, FTE deficit or capacity-constrained realized volume",False
aorta,2031,base,high,110.26066884661086,104.16879570301316,105.84807869044172,2025=100 proxy; case mix/category allocation constant; adult workforce versus all-age source scope imperfect,"diagnostic ratio; not measured hours, FTE deficit or capacity-constrained realized volume",False
aorta,2032,base,low,111.62392649019341,73.68318503542753,151.4917228897253,2025=100 proxy; case mix/category allocation constant; adult workforce versus all-age source scope imperfect,"diagnostic ratio; not measured hours, FTE deficit or capacity-constrained realized volume",False
aorta,2032,base,base,111.62392649019341,89.4951507956045,124.72622873738513,2025=100 proxy; case mix/category allocation constant; adult workforce versus all-age source scope imperfect,"diagnostic ratio; not measured hours, FTE deficit or capacity-constrained realized volume",False
aorta,2032,base,high,111.62392649019341,105.26997387625039,106.03586415003046,2025=100 proxy; case mix/category allocation constant; adult workforce versus all-age source scope imperfect,"diagnostic ratio; not measured hours, FTE deficit or capacity-constrained realized volume",False
aorta,2033,base,low,113.0233351228008,70.72630876583776,159.80380864637087,2025=100 proxy; case mix/category allocation constant; adult workforce versus all-age source scope imperfect,"diagnostic ratio; not measured hours, FTE deficit or capacity-constrained realized volume",False
aorta,2033,base,base,113.0233351228008,87.87898112741668,128.6124778334959,2025=100 proxy; case mix/category allocation constant; adult workforce versus all-age source scope imperfect,"diagnostic ratio; not measured hours, FTE deficit or capacity-constrained realized volume",False
aorta,2033,base,high,113.0233351228008,108.0688635788673,104.58455042447801,2025=100 proxy; case mix/category allocation constant; adult workforce versus all-age source scope imperfect,"diagnostic ratio; not measured hours, FTE deficit or capacity-constrained realized volume",False
aorta,2034,base,low,114.72893334188088,67.28799339778223,170.50431666708354,2025=100 proxy; case mix/category allocation constant; adult workforce versus all-age source scope imperfect,"diagnostic ratio; not measured hours, FTE deficit or capacity-constrained realized volume",False
aorta,2034,base,base,114.72893334188088,86.81836733686546,132.1482272256044,2025=100 proxy; case mix/category allocation constant; adult workforce versus all-age source scope imperfect,"diagnostic ratio; not measured hours, FTE deficit or capacity-constrained realized volume",False
aorta,2034,base,high,114.72893334188088,110.80477826317532,103.5415034804593,2025=100 proxy; case mix/category allocation constant; adult workforce versus all-age source scope imperfect,"diagnostic ratio; not measured hours, FTE deficit or capacity-constrained realized volume",False
aorta,2035,base,low,116.16610402613202,64.05597695181004,181.35092079467455,2025=100 proxy; case mix/category allocation constant; adult workforce versus all-age source scope imperfect,"diagnostic ratio; not measured hours, FTE deficit or capacity-constrained realized volume",False
aorta,2035,base,base,116.16610402613202,85.8001780979363,135.39144859761788,2025=100 proxy; case mix/category allocation constant; adult workforce versus all-age source scope imperfect,"diagnostic ratio; not measured hours, FTE deficit or capacity-constrained realized volume",False
aorta,2035,base,high,116.16610402613202,113.47913486708642,102.36780899166418,2025=100 proxy; case mix/category allocation constant; adult workforce versus all-age source scope imperfect,"diagnostic ratio; not measured hours, FTE deficit or capacity-constrained realized volume",False
aorta,2036,base,low,117.6717184938783,61.01788149259617,192.84792525639625,2025=100 proxy; case mix/category allocation constant; adult workforce versus all-age source scope imperfect,"diagnostic ratio; not measured hours, FTE deficit or capacity-constrained realized volume",False
aorta,2036,base,base,117.6717184938783,84.82271642856429,138.72665654722184,2025=100 proxy; case mix/category allocation constant; adult workforce versus all-age source scope imperfect,"diagnostic ratio; not measured hours, FTE deficit or capacity-constrained realized volume",False
aorta,2036,base,high,117.6717184938783,116.09331844740952,101.35959594193511,2025=100 proxy; case mix/category allocation constant; adult workforce versus all-age source scope imperfect,"diagnostic ratio; not measured hours, FTE deficit or capacity-constrained realized volume",False
aorta,2037,base,low,118.94972606764529,58.162071760935135,204.51425209983407,2025=100 proxy; case mix/category allocation constant; adult workforce versus all-age source scope imperfect,"diagnostic ratio; not measured hours, FTE deficit or capacity-constrained realized volume",False
aorta,2037,base,base,118.94972606764529,83.88435322596717,141.80204232751157,2025=100 proxy; case mix/category allocation constant; adult workforce versus all-age source scope imperfect,"diagnostic ratio; not measured hours, FTE deficit or capacity-constrained realized volume",False
aorta,2037,base,high,118.94972606764529,118.64868289717535,100.25372651690607,2025=100 proxy; case mix/category allocation constant; adult workforce versus all-age source scope imperfect,"diagnostic ratio; not measured hours, FTE deficit or capacity-constrained realized volume",False
aorta,2038,base,low,120.13543108201941,55.47761061317376,216.54759416313425,2025=100 proxy; case mix/category allocation constant; adult workforce versus all-age source scope imperfect,"diagnostic ratio; not measured hours, FTE deficit or capacity-constrained realized volume",False
aorta,2038,base,base,120.13543108201941,82.98352455147393,144.77022003024285,2025=100 proxy; case mix/category allocation constant; adult workforce versus all-age source scope imperfect,"diagnostic ratio; not measured hours, FTE deficit or capacity-constrained realized volume",False
aorta,2038,base,high,120.13543108201941,121.14655164682145,99.16537404403407,2025=100 proxy; case mix/category allocation constant; adult workforce versus all-age source scope imperfect,"diagnostic ratio; not measured hours, FTE deficit or capacity-constrained realized volume",False
aorta,2039,base,low,121.16349655988886,52.95421713427807,228.808021564458,2025=100 proxy; case mix/category allocation constant; adult workforce versus all-age source scope imperfect,"diagnostic ratio; not measured hours, FTE deficit or capacity-constrained realized volume",False
aorta,2039,base,base,121.16349655988886,82.11872902396043,147.5467265506947,2025=100 proxy; case mix/category allocation constant; adult workforce versus all-age source scope imperfect,"diagnostic ratio; not measured hours, FTE deficit or capacity-constrained realized volume",False
aorta,2039,base,high,121.16349655988886,123.5882183496005,98.038063965893,2025=100 proxy; case mix/category allocation constant; adult workforce versus all-age source scope imperfect,"diagnostic ratio; not measured hours, FTE deficit or capacity-constrained realized volume",False
aorta,2040,base,low,121.82449716830061,50.58222726411612,240.84446999969288,2025=100 proxy; case mix/category allocation constant; adult workforce versus all-age source scope imperfect,"diagnostic ratio; not measured hours, FTE deficit or capacity-constrained realized volume",False
aorta,2040,base,base,121.82449716830061,81.28852531754747,149.8667821717794,2025=100 proxy; case mix/category allocation constant; adult workforce versus all-age source scope imperfect,"diagnostic ratio; not measured hours, FTE deficit or capacity-constrained realized volume",False
aorta,2040,base,high,121.82449716830061,125.97494755156704,96.70533668484563,2025=100 proxy; case mix/category allocation constant; adult workforce versus all-age source scope imperfect,"diagnostic ratio; not measured hours, FTE deficit or capacity-constrained realized volume",False
aorta,2025,high,low,100.0,100.0,100.0,2025=100 proxy; case mix/category allocation constant; adult workforce versus all-age source scope imperfect,"diagnostic ratio; not measured hours, FTE deficit or capacity-constrained realized volume",False
aorta,2025,high,base,100.0,100.0,100.0,2025=100 proxy; case mix/category allocation constant; adult workforce versus all-age source scope imperfect,"diagnostic ratio; not measured hours, FTE deficit or capacity-constrained realized volume",False
aorta,2025,high,high,100.0,100.0,100.0,2025=100 proxy; case mix/category allocation constant; adult workforce versus all-age source scope imperfect,"diagnostic ratio; not measured hours, FTE deficit or capacity-constrained realized volume",False
aorta,2026,high,low,104.81177976763294,95.89473684210526,109.2987824141068,2025=100 proxy; case mix/category allocation constant; adult workforce versus all-age source scope imperfect,"diagnostic ratio; not measured hours, FTE deficit or capacity-constrained realized volume",False
aorta,2026,high,base,104.81177976763294,99.22966507177034,105.62544949821728,2025=100 proxy; case mix/category allocation constant; adult workforce versus all-age source scope imperfect,"diagnostic ratio; not measured hours, FTE deficit or capacity-constrained realized volume",False
aorta,2026,high,high,104.81177976763294,102.91746411483254,101.84061633182759,2025=100 proxy; case mix/category allocation constant; adult workforce versus all-age source scope imperfect,"diagnostic ratio; not measured hours, FTE deficit or capacity-constrained realized volume",False
aorta,2027,high,low,108.8707724903199,92.29416267942584,117.96062646829701,2025=100 proxy; case mix/category allocation constant; adult workforce versus all-age source scope imperfect,"diagnostic ratio; not measured hours, FTE deficit or capacity-constrained realized volume",False
aorta,2027,high,base,108.8707724903199,99.13607655502392,109.81952914980741,2025=100 proxy; case mix/category allocation constant; adult workforce versus all-age source scope imperfect,"diagnostic ratio; not measured hours, FTE deficit or capacity-constrained realized volume",False
aorta,2027,high,high,108.8707724903199,101.63531399521531,107.11903984027167,2025=100 proxy; case mix/category allocation constant; adult workforce versus all-age source scope imperfect,"diagnostic ratio; not measured hours, FTE deficit or capacity-constrained realized volume",False
aorta,2028,high,low,113.35117990031138,89.34024497607656,126.87583286867464,2025=100 proxy; case mix/category allocation constant; adult workforce versus all-age source scope imperfect,"diagnostic ratio; not measured hours, FTE deficit or capacity-constrained realized volume",False
aorta,2028,high,base,113.35117990031138,95.94575311004783,118.1409038191611,2025=100 proxy; case mix/category allocation constant; adult workforce versus all-age source scope imperfect,"diagnostic ratio; not measured hours, FTE deficit or capacity-constrained realized volume",False
aorta,2028,high,high,113.35117990031138,101.76000268391148,111.39070058046737,2025=100 proxy; case mix/category allocation constant; adult workforce versus all-age source scope imperfect,"diagnostic ratio; not measured hours, FTE deficit or capacity-constrained realized volume",False
aorta,2029,high,low,115.9697062196426,84.49657668899523,137.24781614110813,2025=100 proxy; case mix/category allocation constant; adult workforce versus all-age source scope imperfect,"diagnostic ratio; not measured hours, FTE deficit or capacity-constrained realized volume",False
aorta,2029,high,base,115.9697062196426,93.9165354258373,123.48166986123542,2025=100 proxy; case mix/category allocation constant; adult workforce versus all-age source scope imperfect,"diagnostic ratio; not measured hours, FTE deficit or capacity-constrained realized volume",False
aorta,2029,high,high,115.9697062196426,101.53738826945647,114.21379670696881,2025=100 proxy; case mix/category allocation constant; adult workforce versus all-age source scope imperfect,"diagnostic ratio; not measured hours, FTE deficit or capacity-constrained realized volume",False
aorta,2030,high,low,118.98469154423708,80.63252371444977,147.56414169250962,2025=100 proxy; case mix/category allocation constant; adult workforce versus all-age source scope imperfect,"diagnostic ratio; not measured hours, FTE deficit or capacity-constrained realized volume",False
aorta,2030,high,base,118.98469154423708,91.63260128153107,129.84973675326506,2025=100 proxy; case mix/category allocation constant; adult workforce versus all-age source scope imperfect,"diagnostic ratio; not measured hours, FTE deficit or capacity-constrained realized volume",False
aorta,2030,high,high,118.98469154423708,103.04227071760424,115.47172894736019,2025=100 proxy; case mix/category allocation constant; adult workforce versus all-age source scope imperfect,"diagnostic ratio; not measured hours, FTE deficit or capacity-constrained realized volume",False
aorta,2031,high,low,121.89084278570735,76.67304119110432,158.97483769021184,2025=100 proxy; case mix/category allocation constant; adult workforce versus all-age source scope imperfect,"diagnostic ratio; not measured hours, FTE deficit or capacity-constrained realized volume",False
aorta,2031,high,base,121.89084278570735,90.66729723026984,134.43749456448268,2025=100 proxy; case mix/category allocation constant; adult workforce versus all-age source scope imperfect,"diagnostic ratio; not measured hours, FTE deficit or capacity-constrained realized volume",False
aorta,2031,high,high,121.89084278570735,104.16879570301316,117.01281747868144,2025=100 proxy; case mix/category allocation constant; adult workforce versus all-age source scope imperfect,"diagnostic ratio; not measured hours, FTE deficit or capacity-constrained realized volume",False
aorta,2032,high,low,124.66156581840828,73.68318503542753,169.18590823465337,2025=100 proxy; case mix/category allocation constant; adult workforce versus all-age source scope imperfect,"diagnostic ratio; not measured hours, FTE deficit or capacity-constrained realized volume",False
aorta,2032,high,base,124.66156581840828,89.4951507956045,139.29421282625623,2025=100 proxy; case mix/category allocation constant; adult workforce versus all-age source scope imperfect,"diagnostic ratio; not measured hours, FTE deficit or capacity-constrained realized volume",False
aorta,2032,high,high,124.66156581840828,105.26997387625039,118.42081956337671,2025=100 proxy; case mix/category allocation constant; adult workforce versus all-age source scope imperfect,"diagnostic ratio; not measured hours, FTE deficit or capacity-constrained realized volume",False
aorta,2033,high,low,127.51303370758427,70.72630876583776,180.29080823340755,2025=100 proxy; case mix/category allocation constant; adult workforce versus all-age source scope imperfect,"diagnostic ratio; not measured hours, FTE deficit or capacity-constrained realized volume",False
aorta,2033,high,base,127.51303370758427,87.87898112741668,145.1007192751834,2025=100 proxy; case mix/category allocation constant; adult workforce versus all-age source scope imperfect,"diagnostic ratio; not measured hours, FTE deficit or capacity-constrained realized volume",False
aorta,2033,high,high,127.51303370758427,108.0688635788673,117.992388820233,2025=100 proxy; case mix/category allocation constant; adult workforce versus all-age source scope imperfect,"diagnostic ratio; not measured hours, FTE deficit or capacity-constrained realized volume",False
aorta,2034,high,low,130.84245300900056,67.28799339778223,194.451411614413,2025=100 proxy; case mix/category allocation constant; adult workforce versus all-age source scope imperfect,"diagnostic ratio; not measured hours, FTE deficit or capacity-constrained realized volume",False
aorta,2034,high,base,130.84245300900056,86.81836733686546,150.70826257457304,2025=100 proxy; case mix/category allocation constant; adult workforce versus all-age source scope imperfect,"diagnostic ratio; not measured hours, FTE deficit or capacity-constrained realized volume",False
aorta,2034,high,high,130.84245300900056,110.80477826317532,118.08376412994865,2025=100 proxy; case mix/category allocation constant; adult workforce versus all-age source scope imperfect,"diagnostic ratio; not measured hours, FTE deficit or capacity-constrained realized volume",False
aorta,2035,high,low,133.82112605142393,64.05597695181004,208.91278600293447,2025=100 proxy; case mix/category allocation constant; adult workforce versus all-age source scope imperfect,"diagnostic ratio; not measured hours, FTE deficit or capacity-constrained realized volume",False
aorta,2035,high,base,133.82112605142393,85.8001780979363,155.9683546328707,2025=100 proxy; case mix/category allocation constant; adult workforce versus all-age source scope imperfect,"diagnostic ratio; not measured hours, FTE deficit or capacity-constrained realized volume",False
aorta,2035,high,high,133.82112605142393,113.47913486708642,117.92575455229128,2025=100 proxy; case mix/category allocation constant; adult workforce versus all-age source scope imperfect,"diagnostic ratio; not measured hours, FTE deficit or capacity-constrained realized volume",False
aorta,2036,high,low,136.93917998416427,61.01788149259617,224.42467131668656,2025=100 proxy; case mix/category allocation constant; adult workforce versus all-age source scope imperfect,"diagnostic ratio; not measured hours, FTE deficit or capacity-constrained realized volume",False
aorta,2036,high,base,136.93917998416427,84.82271642856429,161.44163468225076,2025=100 proxy; case mix/category allocation constant; adult workforce versus all-age source scope imperfect,"diagnostic ratio; not measured hours, FTE deficit or capacity-constrained realized volume",False
aorta,2036,high,high,136.93917998416427,116.09331844740952,117.956125137553,2025=100 proxy; case mix/category allocation constant; adult workforce versus all-age source scope imperfect,"diagnostic ratio; not measured hours, FTE deficit or capacity-constrained realized volume",False
aorta,2037,high,low,139.75903582321882,58.162071760935135,240.29239604406376,2025=100 proxy; case mix/category allocation constant; adult workforce versus all-age source scope imperfect,"diagnostic ratio; not measured hours, FTE deficit or capacity-constrained realized volume",False
aorta,2037,high,base,139.75903582321882,83.88435322596717,166.60918329636132,2025=100 proxy; case mix/category allocation constant; adult workforce versus all-age source scope imperfect,"diagnostic ratio; not measured hours, FTE deficit or capacity-constrained realized volume",False
aorta,2037,high,high,139.75903582321882,118.64868289717535,117.79231965376167,2025=100 proxy; case mix/category allocation constant; adult workforce versus all-age source scope imperfect,"diagnostic ratio; not measured hours, FTE deficit or capacity-constrained realized volume",False
aorta,2038,high,low,142.46343708914998,55.47761061317376,256.7944717058894,2025=100 proxy; case mix/category allocation constant; adult workforce versus all-age source scope imperfect,"diagnostic ratio; not measured hours, FTE deficit or capacity-constrained realized volume",False
aorta,2038,high,base,142.46343708914998,82.98352455147393,171.67677302110877,2025=100 proxy; case mix/category allocation constant; adult workforce versus all-age source scope imperfect,"diagnostic ratio; not measured hours, FTE deficit or capacity-constrained realized volume",False
aorta,2038,high,high,142.46343708914998,121.14655164682145,117.59594899941818,2025=100 proxy; case mix/category allocation constant; adult workforce versus all-age source scope imperfect,"diagnostic ratio; not measured hours, FTE deficit or capacity-constrained realized volume",False
aorta,2039,high,low,144.9748440565284,52.95421713427807,273.7739351124955,2025=100 proxy; case mix/category allocation constant; adult workforce versus all-age source scope imperfect,"diagnostic ratio; not measured hours, FTE deficit or capacity-constrained realized volume",False
aorta,2039,high,base,144.9748440565284,82.11872902396043,176.54297110982802,2025=100 proxy; case mix/category allocation constant; adult workforce versus all-age source scope imperfect,"diagnostic ratio; not measured hours, FTE deficit or capacity-constrained realized volume",False
aorta,2039,high,high,144.9748440565284,123.5882183496005,117.30474473418691,2025=100 proxy; case mix/category allocation constant; adult workforce versus all-age source scope imperfect,"diagnostic ratio; not measured hours, FTE deficit or capacity-constrained realized volume",False
aorta,2040,high,low,146.9774351120471,50.58222726411612,290.5712995685252,2025=100 proxy; case mix/category allocation constant; adult workforce versus all-age source scope imperfect,"diagnostic ratio; not measured hours, FTE deficit or capacity-constrained realized volume",False
aorta,2040,high,base,146.9774351120471,81.28852531754747,180.8095724924162,2025=100 proxy; case mix/category allocation constant; adult workforce versus all-age source scope imperfect,"diagnostic ratio; not measured hours, FTE deficit or capacity-constrained realized volume",False
aorta,2040,high,high,146.9774351120471,125.97494755156704,116.67195578857678,2025=100 proxy; case mix/category allocation constant; adult workforce versus all-age source scope imperfect,"diagnostic ratio; not measured hours, FTE deficit or capacity-constrained realized volume",False
