category,year,volume_scenario,adoption_scenario,volume,assumed_share,mics_equivalent,other_approach_equivalent,unit,basis,empirical_status,baseline_share_observed
Valve,2025,low,low,4970.0,0.15,745.5,4224.5,KHF survey-scope-equivalent reported units,2025 KHF fixed reporting coverage assumption; not national census,synthetic_assumed_share_not_measured_or_fitted,False
Valve,2025,base,low,4970.0,0.15,745.5,4224.5,KHF survey-scope-equivalent reported units,2025 KHF fixed reporting coverage assumption; not national census,synthetic_assumed_share_not_measured_or_fitted,False
Valve,2025,high,low,4970.0,0.15,745.5,4224.5,KHF survey-scope-equivalent reported units,2025 KHF fixed reporting coverage assumption; not national census,synthetic_assumed_share_not_measured_or_fitted,False
Valve,2026,low,low,4777.654297529274,0.15443317,737.828298331569,4039.825999197705,KHF survey-scope-equivalent reported units,2025 KHF fixed reporting coverage assumption; not national census,synthetic_assumed_share_not_measured_or_fitted,False
Valve,2026,base,low,5015.159513521575,0.15443317,774.5069817287947,4240.65253179278,KHF survey-scope-equivalent reported units,2025 KHF fixed reporting coverage assumption; not national census,synthetic_assumed_share_not_measured_or_fitted,False
Valve,2026,high,low,5209.145454451357,0.15443317,804.4648455220138,4404.680608929343,KHF survey-scope-equivalent reported units,2025 KHF fixed reporting coverage assumption; not national census,synthetic_assumed_share_not_measured_or_fitted,False
Valve,2027,low,low,4574.297572588855,0.15873532,726.1025889601151,3848.1949836287395,KHF survey-scope-equivalent reported units,2025 KHF fixed reporting coverage assumption; not national census,synthetic_assumed_share_not_measured_or_fitted,False
Valve,2027,base,low,5030.215228897853,0.15873532,798.4728240279741,4231.7424048698795,KHF survey-scope-equivalent reported units,2025 KHF fixed reporting coverage assumption; not national census,synthetic_assumed_share_not_measured_or_fitted,False
Valve,2027,high,low,5410.877392768899,0.15873532,858.8973544219369,4551.980038346962,KHF survey-scope-equivalent reported units,2025 KHF fixed reporting coverage assumption; not national census,synthetic_assumed_share_not_measured_or_fitted,False
Valve,2028,low,low,4382.432371421612,0.16291032,713.9434600066536,3668.4889114149582,KHF survey-scope-equivalent reported units,2025 KHF fixed reporting coverage assumption; not national census,synthetic_assumed_share_not_measured_or_fitted,False
Valve,2028,base,low,5054.645618679703,0.16291032,823.4539352257084,4231.191683453995,KHF survey-scope-equivalent reported units,2025 KHF fixed reporting coverage assumption; not national census,synthetic_assumed_share_not_measured_or_fitted,False
Valve,2028,high,low,5633.553641045475,0.16291032,917.7640263998835,4715.789614645592,KHF survey-scope-equivalent reported units,2025 KHF fixed reporting coverage assumption; not national census,synthetic_assumed_share_not_measured_or_fitted,False
Valve,2029,low,low,4182.961946944036,0.16696193,698.3953997783339,3484.5665471657016,KHF survey-scope-equivalent reported units,2025 KHF fixed reporting coverage assumption; not national census,synthetic_assumed_share_not_measured_or_fitted,False
Valve,2029,base,low,5051.605031458947,0.16696193,843.4257256500966,4208.179305808851,KHF survey-scope-equivalent reported units,2025 KHF fixed reporting coverage assumption; not national census,synthetic_assumed_share_not_measured_or_fitted,False
Valve,2029,high,low,5763.694399116237,0.16696193,962.3175408066372,4801.3768583096,KHF survey-scope-equivalent reported units,2025 KHF fixed reporting coverage assumption; not national census,synthetic_assumed_share_not_measured_or_fitted,False
Valve,2030,low,low,3995.7846706768332,0.1708938,682.8548263537126,3312.9298443231205,KHF survey-scope-equivalent reported units,2025 KHF fixed reporting coverage assumption; not national census,synthetic_assumed_share_not_measured_or_fitted,False
Valve,2030,base,low,5059.431445425813,0.1708938,864.6254655483099,4194.805979877503,KHF survey-scope-equivalent reported units,2025 KHF fixed reporting coverage assumption; not national census,synthetic_assumed_share_not_measured_or_fitted,False
Valve,2030,high,low,5913.539169748582,0.1708938,1010.5871801671803,4902.951989581402,KHF survey-scope-equivalent reported units,2025 KHF fixed reporting coverage assumption; not national census,synthetic_assumed_share_not_measured_or_fitted,False
Valve,2031,low,low,3899.0910361745673,0.17470947,681.2081284118095,3217.882907762758,KHF survey-scope-equivalent reported units,2025 KHF fixed reporting coverage assumption; not national census,synthetic_assumed_share_not_measured_or_fitted,False
Valve,2031,base,low,5061.69385502471,0.17470947,884.3258507136238,4177.368004311085,KHF survey-scope-equivalent reported units,2025 KHF fixed reporting coverage assumption; not national census,synthetic_assumed_share_not_measured_or_fitted,False
Valve,2031,high,low,6057.974886449654,0.17470947,1058.3855816849293,4999.589304764725,KHF survey-scope-equivalent reported units,2025 KHF fixed reporting coverage assumption; not national census,synthetic_assumed_share_not_measured_or_fitted,False
Valve,2032,low,low,3802.116391863266,0.17841236,678.3445584670101,3123.7718333962557,KHF survey-scope-equivalent reported units,2025 KHF fixed reporting coverage assumption; not national census,synthetic_assumed_share_not_measured_or_fitted,False
Valve,2032,base,low,5058.250273395988,0.17841236,902.4543687472234,4155.795904648765,KHF survey-scope-equivalent reported units,2025 KHF fixed reporting coverage assumption; not national census,synthetic_assumed_share_not_measured_or_fitted,False
Valve,2032,high,low,6195.679821174891,0.17841236,1105.3858587001903,5090.2939624747005,KHF survey-scope-equivalent reported units,2025 KHF fixed reporting coverage assumption; not national census,synthetic_assumed_share_not_measured_or_fitted,False
Valve,2033,low,low,3707.712722233867,0.18200582,674.8252943346073,3032.88742789926,KHF survey-scope-equivalent reported units,2025 KHF fixed reporting coverage assumption; not national census,synthetic_assumed_share_not_measured_or_fitted,False
Valve,2033,base,low,5055.669211076205,0.18200582,920.1612204106779,4135.507990665527,KHF survey-scope-equivalent reported units,2025 KHF fixed reporting coverage assumption; not national census,synthetic_assumed_share_not_measured_or_fitted,False
Valve,2033,high,low,6337.397775266939,0.18200582,1153.443278753635,5183.954496513304,KHF survey-scope-equivalent reported units,2025 KHF fixed reporting coverage assumption; not national census,synthetic_assumed_share_not_measured_or_fitted,False
Valve,2034,low,low,3620.931086524137,0.18549308,671.6576597071087,2949.2734268170284,KHF survey-scope-equivalent reported units,2025 KHF fixed reporting coverage assumption; not national census,synthetic_assumed_share_not_measured_or_fitted,False
Valve,2034,base,low,5065.243407399536,0.18549308,939.5676005882348,4125.675806811301,KHF survey-scope-equivalent reported units,2025 KHF fixed reporting coverage assumption; not national census,synthetic_assumed_share_not_measured_or_fitted,False
Valve,2034,high,low,6502.869914547327,0.18549308,1206.2373692887206,5296.632545258607,KHF survey-scope-equivalent reported units,2025 KHF fixed reporting coverage assumption; not national census,synthetic_assumed_share_not_measured_or_fitted,False
Valve,2035,low,low,3530.9827490099847,0.18887727,666.9223820501012,2864.0603669598836,KHF survey-scope-equivalent reported units,2025 KHF fixed reporting coverage assumption; not national census,synthetic_assumed_share_not_measured_or_fitted,False
Valve,2035,base,low,5062.670499423223,0.18887727,956.223382840595,4106.447116582628,KHF survey-scope-equivalent reported units,2025 KHF fixed reporting coverage assumption; not national census,synthetic_assumed_share_not_measured_or_fitted,False
Valve,2035,high,low,6650.90996475577,0.18887727,1256.205717158866,5394.704247596904,KHF survey-scope-equivalent reported units,2025 KHF fixed reporting coverage assumption; not national census,synthetic_assumed_share_not_measured_or_fitted,False
Valve,2036,low,low,3444.146652166961,0.19216144,661.8321802515823,2782.3144719153784,KHF survey-scope-equivalent reported units,2025 KHF fixed reporting coverage assumption; not national census,synthetic_assumed_share_not_measured_or_fitted,False
Valve,2036,base,low,5062.186516756443,0.19216144,972.7570506085021,4089.4294661479407,KHF survey-scope-equivalent reported units,2025 KHF fixed reporting coverage assumption; not national census,synthetic_assumed_share_not_measured_or_fitted,False
Valve,2036,high,low,6805.877245212964,0.19216144,1307.8271719033562,5498.050073309608,KHF survey-scope-equivalent reported units,2025 KHF fixed reporting coverage assumption; not national census,synthetic_assumed_share_not_measured_or_fitted,False
Valve,2037,low,low,3355.09784257315,0.19534855,655.4134986547932,2699.6843439183567,KHF survey-scope-equivalent reported units,2025 KHF fixed reporting coverage assumption; not national census,synthetic_assumed_share_not_measured_or_fitted,False
Valve,2037,base,low,5051.718819688117,0.19534855,986.8459464337851,4064.872873254332,KHF survey-scope-equivalent reported units,2025 KHF fixed reporting coverage assumption; not national census,synthetic_assumed_share_not_measured_or_fitted,False
Valve,2037,high,low,6946.024080413974,0.19534855,1356.8957323739533,5589.128348040021,KHF survey-scope-equivalent reported units,2025 KHF fixed reporting coverage assumption; not national census,synthetic_assumed_share_not_measured_or_fitted,False
Valve,2038,low,low,3266.1965148880763,0.19844147,648.1488377232668,2618.0476771648096,KHF survey-scope-equivalent reported units,2025 KHF fixed reporting coverage assumption; not national census,synthetic_assumed_share_not_measured_or_fitted,False
Valve,2038,base,low,5037.0083974576355,0.19844147,999.5513507938375,4037.457046663798,KHF survey-scope-equivalent reported units,2025 KHF fixed reporting coverage assumption; not national census,synthetic_assumed_share_not_measured_or_fitted,False
Valve,2038,high,low,7080.432823330753,0.19844147,1405.051497698005,5675.3813256327485,KHF survey-scope-equivalent reported units,2025 KHF fixed reporting coverage assumption; not national census,synthetic_assumed_share_not_measured_or_fitted,False
Valve,2039,low,low,3176.5545953870296,0.20144298,639.8946238274575,2536.659971559572,KHF survey-scope-equivalent reported units,2025 KHF fixed reporting coverage assumption; not national census,synthetic_assumed_share_not_measured_or_fitted,False
Valve,2039,base,low,5015.607614803223,0.20144298,1010.3589444366534,4005.2486703665704,KHF survey-scope-equivalent reported units,2025 KHF fixed reporting coverage assumption; not national census,synthetic_assumed_share_not_measured_or_fitted,False
Valve,2039,high,low,7205.249749609461,0.20144298,1451.4469812055836,5753.802768403878,KHF survey-scope-equivalent reported units,2025 KHF fixed reporting coverage assumption; not national census,synthetic_assumed_share_not_measured_or_fitted,False
Valve,2040,low,low,3083.0938901687505,0.20435578,630.0480567386693,2453.045833430081,KHF survey-scope-equivalent reported units,2025 KHF fixed reporting coverage assumption; not national census,synthetic_assumed_share_not_measured_or_fitted,False
Valve,2040,base,low,4979.56977881876,0.20435578,1017.6038662149351,3961.965912603825,KHF survey-scope-equivalent reported units,2025 KHF fixed reporting coverage assumption; not national census,synthetic_assumed_share_not_measured_or_fitted,False
Valve,2040,high,low,7304.778525068739,0.20435578,1492.7737132176717,5812.004811851068,KHF survey-scope-equivalent reported units,2025 KHF fixed reporting coverage assumption; not national census,synthetic_assumed_share_not_measured_or_fitted,False
Valve,2025,low,base,4970.0,0.15,745.5,4224.5,KHF survey-scope-equivalent reported units,2025 KHF fixed reporting coverage assumption; not national census,synthetic_assumed_share_not_measured_or_fitted,False
Valve,2025,base,base,4970.0,0.15,745.5,4224.5,KHF survey-scope-equivalent reported units,2025 KHF fixed reporting coverage assumption; not national census,synthetic_assumed_share_not_measured_or_fitted,False
Valve,2025,high,base,4970.0,0.15,745.5,4224.5,KHF survey-scope-equivalent reported units,2025 KHF fixed reporting coverage assumption; not national census,synthetic_assumed_share_not_measured_or_fitted,False
Valve,2026,low,base,4777.654297529274,0.17366216,829.6977650422165,3947.9565324870578,KHF survey-scope-equivalent reported units,2025 KHF fixed reporting coverage assumption; not national census,synthetic_assumed_share_not_measured_or_fitted,False
Valve,2026,base,base,5015.159513521575,0.17366216,870.9434338627059,4144.216079658869,KHF survey-scope-equivalent reported units,2025 KHF fixed reporting coverage assumption; not national census,synthetic_assumed_share_not_measured_or_fitted,False
Valve,2026,high,base,5209.145454451357,0.17366216,904.6314513742044,4304.514003077153,KHF survey-scope-equivalent reported units,2025 KHF fixed reporting coverage assumption; not national census,synthetic_assumed_share_not_measured_or_fitted,False
Valve,2027,low,base,4574.297572588855,0.19572462,895.3026541618759,3678.9949184269785,KHF survey-scope-equivalent reported units,2025 KHF fixed reporting coverage assumption; not national census,synthetic_assumed_share_not_measured_or_fitted,False
Valve,2027,base,base,5030.215228897853,0.19572462,984.5369641942452,4045.678264703608,KHF survey-scope-equivalent reported units,2025 KHF fixed reporting coverage assumption; not national census,synthetic_assumed_share_not_measured_or_fitted,False
Valve,2027,high,base,5410.877392768899,0.19572462,1059.0419215662835,4351.835471202616,KHF survey-scope-equivalent reported units,2025 KHF fixed reporting coverage assumption; not national census,synthetic_assumed_share_not_measured_or_fitted,False
Valve,2028,low,base,4382.432371421612,0.21629551,947.9004448171469,3434.5319266044644,KHF survey-scope-equivalent reported units,2025 KHF fixed reporting coverage assumption; not national census,synthetic_assumed_share_not_measured_or_fitted,False
Valve,2028,base,base,5054.645618679703,0.21629551,1093.297151961592,3961.348466718111,KHF survey-scope-equivalent reported units,2025 KHF fixed reporting coverage assumption; not national census,synthetic_assumed_share_not_measured_or_fitted,False
Valve,2028,high,base,5633.553641045475,0.21629551,1218.512357902288,4415.041283143187,KHF survey-scope-equivalent reported units,2025 KHF fixed reporting coverage assumption; not national census,synthetic_assumed_share_not_measured_or_fitted,False
Valve,2029,low,base,4182.961946944036,0.23547569,984.9858507003902,3197.9760962436458,KHF survey-scope-equivalent reported units,2025 KHF fixed reporting coverage assumption; not national census,synthetic_assumed_share_not_measured_or_fitted,False
Valve,2029,base,base,5051.605031458947,0.23547569,1189.5301803902673,3862.07485106868,KHF survey-scope-equivalent reported units,2025 KHF fixed reporting coverage assumption; not national census,synthetic_assumed_share_not_measured_or_fitted,False
Valve,2029,high,base,5763.694399116237,0.23547569,1357.2099155810313,4406.484483535206,KHF survey-scope-equivalent reported units,2025 KHF fixed reporting coverage assumption; not national census,synthetic_assumed_share_not_measured_or_fitted,False
Valve,2030,low,base,3995.7846706768332,0.25335917,1012.3686876614059,2983.4159830154276,KHF survey-scope-equivalent reported units,2025 KHF fixed reporting coverage assumption; not national census,synthetic_assumed_share_not_measured_or_fitted,False
Valve,2030,base,base,5059.431445425813,0.25335917,1281.8533516849843,3777.578093740829,KHF survey-scope-equivalent reported units,2025 KHF fixed reporting coverage assumption; not national census,synthetic_assumed_share_not_measured_or_fitted,False
Valve,2030,high,base,5913.539169748582,0.25335917,1498.24937580999,4415.289793938592,KHF survey-scope-equivalent reported units,2025 KHF fixed reporting coverage assumption; not national census,synthetic_assumed_share_not_measured_or_fitted,False
Valve,2031,low,base,3899.0910361745673,0.27003361,1052.885628216859,2846.2054079577083,KHF survey-scope-equivalent reported units,2025 KHF fixed reporting coverage assumption; not national census,synthetic_assumed_share_not_measured_or_fitted,False
Valve,2031,base,base,5061.69385502471,0.27003361,1366.827464387139,3694.8663906375705,KHF survey-scope-equivalent reported units,2025 KHF fixed reporting coverage assumption; not national census,synthetic_assumed_share_not_measured_or_fitted,False
Valve,2031,high,base,6057.974886449654,0.27003361,1635.85682787734,4422.118058572314,KHF survey-scope-equivalent reported units,2025 KHF fixed reporting coverage assumption; not national census,synthetic_assumed_share_not_measured_or_fitted,False
Valve,2032,low,base,3802.116391863266,0.28558076,1085.8112887967693,2716.305103066497,KHF survey-scope-equivalent reported units,2025 KHF fixed reporting coverage assumption; not national census,synthetic_assumed_share_not_measured_or_fitted,False
Valve,2032,base,base,5058.250273395988,0.28558076,1444.538957346634,3613.711316049354,KHF survey-scope-equivalent reported units,2025 KHF fixed reporting coverage assumption; not national census,synthetic_assumed_share_not_measured_or_fitted,False
Valve,2032,high,base,6195.679821174891,0.28558076,1769.3669520477895,4426.312869127101,KHF survey-scope-equivalent reported units,2025 KHF fixed reporting coverage assumption; not national census,synthetic_assumed_share_not_measured_or_fitted,False
Valve,2033,low,base,3707.712722233867,0.30007683,1112.5986802386094,2595.1140419952576,KHF survey-scope-equivalent reported units,2025 KHF fixed reporting coverage assumption; not national census,synthetic_assumed_share_not_measured_or_fitted,False
Valve,2033,base,base,5055.669211076205,0.30007683,1517.0891903883487,3538.580020687856,KHF survey-scope-equivalent reported units,2025 KHF fixed reporting coverage assumption; not national census,synthetic_assumed_share_not_measured_or_fitted,False
Valve,2033,high,base,6337.397775266939,0.30007683,1901.7062348511556,4435.691540415783,KHF survey-scope-equivalent reported units,2025 KHF fixed reporting coverage assumption; not national census,synthetic_assumed_share_not_measured_or_fitted,False
Valve,2034,low,base,3620.931086524137,0.31359287,1135.4981714953226,2485.4329150288145,KHF survey-scope-equivalent reported units,2025 KHF fixed reporting coverage assumption; not national census,synthetic_assumed_share_not_measured_or_fitted,False
Valve,2034,base,base,5065.243407399536,0.31359287,1588.424217375,3476.8191900245365,KHF survey-scope-equivalent reported units,2025 KHF fixed reporting coverage assumption; not national census,synthetic_assumed_share_not_measured_or_fitted,False
Valve,2034,high,base,6502.869914547327,0.31359287,2039.2536397395513,4463.616274807776,KHF survey-scope-equivalent reported units,2025 KHF fixed reporting coverage assumption; not national census,synthetic_assumed_share_not_measured_or_fitted,False
Valve,2035,low,base,3530.9827490099847,0.32619514,1151.7894121508969,2379.1933368590876,KHF survey-scope-equivalent reported units,2025 KHF fixed reporting coverage assumption; not national census,synthetic_assumed_share_not_measured_or_fitted,False
Valve,2035,base,base,5062.670499423223,0.32619514,1651.4185123332281,3411.2519870899946,KHF survey-scope-equivalent reported units,2025 KHF fixed reporting coverage assumption; not national census,synthetic_assumed_share_not_measured_or_fitted,False
Valve,2035,high,base,6650.90996475577,0.32619514,2169.494507080903,4481.415457674866,KHF survey-scope-equivalent reported units,2025 KHF fixed reporting coverage assumption; not national census,synthetic_assumed_share_not_measured_or_fitted,False
Valve,2036,low,base,3444.146652166961,0.33794543,1163.933621349624,2280.213030817337,KHF survey-scope-equivalent reported units,2025 KHF fixed reporting coverage assumption; not national census,synthetic_assumed_share_not_measured_or_fitted,False
Valve,2036,base,base,5062.186516756443,0.33794543,1710.7427991454583,3351.4437176109845,KHF survey-scope-equivalent reported units,2025 KHF fixed reporting coverage assumption; not national census,synthetic_assumed_share_not_measured_or_fitted,False
Valve,2036,high,base,6805.877245212964,0.33794543,2300.0151121607105,4505.862133052254,KHF survey-scope-equivalent reported units,2025 KHF fixed reporting coverage assumption; not national census,synthetic_assumed_share_not_measured_or_fitted,False
Valve,2037,low,base,3355.09784257315,0.34890132,1170.5980660029243,2184.499776570226,KHF survey-scope-equivalent reported units,2025 KHF fixed reporting coverage assumption; not national census,synthetic_assumed_share_not_measured_or_fitted,False
Valve,2037,base,base,5051.718819688117,0.34890132,1762.551364458026,3289.167455230091,KHF survey-scope-equivalent reported units,2025 KHF fixed reporting coverage assumption; not national census,synthetic_assumed_share_not_measured_or_fitted,False
Valve,2037,high,base,6946.024080413974,0.34890132,2423.476970408222,4522.547110005753,KHF survey-scope-equivalent reported units,2025 KHF fixed reporting coverage assumption; not national census,synthetic_assumed_share_not_measured_or_fitted,False
Valve,2038,low,base,3266.1965148880763,0.35911652,1172.945126062734,2093.2513888253425,KHF survey-scope-equivalent reported units,2025 KHF fixed reporting coverage assumption; not national census,synthetic_assumed_share_not_measured_or_fitted,False
Valve,2038,base,base,5037.0083974576355,0.35911652,1808.8729269057628,3228.135470551873,KHF survey-scope-equivalent reported units,2025 KHF fixed reporting coverage assumption; not national census,synthetic_assumed_share_not_measured_or_fitted,False
Valve,2038,high,base,7080.432823330753,0.35911652,2542.700395608315,4537.732427722439,KHF survey-scope-equivalent reported units,2025 KHF fixed reporting coverage assumption; not national census,synthetic_assumed_share_not_measured_or_fitted,False
Valve,2039,low,base,3176.5545953870296,0.36864112,1171.0086437846214,2005.5459516024084,KHF survey-scope-equivalent reported units,2025 KHF fixed reporting coverage assumption; not national census,synthetic_assumed_share_not_measured_or_fitted,False
Valve,2039,base,base,5015.607614803223,0.36864112,1848.959208601589,3166.6484062016348,KHF survey-scope-equivalent reported units,2025 KHF fixed reporting coverage assumption; not national census,synthetic_assumed_share_not_measured_or_fitted,False
Valve,2039,high,base,7205.249749609461,0.36864112,2656.1513375757513,4549.098412033711,KHF survey-scope-equivalent reported units,2025 KHF fixed reporting coverage assumption; not national census,synthetic_assumed_share_not_measured_or_fitted,False
Valve,2040,low,base,3083.0938901687505,0.37752179,1163.93512415457,1919.1587660141802,KHF survey-scope-equivalent reported units,2025 KHF fixed reporting coverage assumption; not national census,synthetic_assumed_share_not_measured_or_fitted,False
Valve,2040,base,base,4979.56977881876,0.37752179,1879.8960963295624,3099.6736824891973,KHF survey-scope-equivalent reported units,2025 KHF fixed reporting coverage assumption; not national census,synthetic_assumed_share_not_measured_or_fitted,False
Valve,2040,high,base,7304.778525068739,0.37752179,2757.7130643375103,4547.065460731228,KHF survey-scope-equivalent reported units,2025 KHF fixed reporting coverage assumption; not national census,synthetic_assumed_share_not_measured_or_fitted,False
Valve,2025,low,high,4970.0,0.15,745.5,4224.5,KHF survey-scope-equivalent reported units,2025 KHF fixed reporting coverage assumption; not national census,synthetic_assumed_share_not_measured_or_fitted,False
Valve,2025,base,high,4970.0,0.15,745.5,4224.5,KHF survey-scope-equivalent reported units,2025 KHF fixed reporting coverage assumption; not national census,synthetic_assumed_share_not_measured_or_fitted,False
Valve,2025,high,high,4970.0,0.15,745.5,4224.5,KHF survey-scope-equivalent reported units,2025 KHF fixed reporting coverage assumption; not national census,synthetic_assumed_share_not_measured_or_fitted,False
Valve,2026,low,high,4777.654297529274,0.20729123,990.3658358496292,3787.2884616796446,KHF survey-scope-equivalent reported units,2025 KHF fixed reporting coverage assumption; not national census,synthetic_assumed_share_not_measured_or_fitted,False
Valve,2026,base,high,5015.159513521575,0.20729123,1039.5985842040889,3975.5609293174857,KHF survey-scope-equivalent reported units,2025 KHF fixed reporting coverage assumption; not national census,synthetic_assumed_share_not_measured_or_fitted,False
Valve,2026,high,high,5209.145454451357,0.20729123,1079.8101685021309,4129.335285949226,KHF survey-scope-equivalent reported units,2025 KHF fixed reporting coverage assumption; not national census,synthetic_assumed_share_not_measured_or_fitted,False
Valve,2027,low,high,4574.297572588855,0.25861466,1182.980411473892,3391.317161114963,KHF survey-scope-equivalent reported units,2025 KHF fixed reporting coverage assumption; not national census,synthetic_assumed_share_not_measured_or_fitted,False
Valve,2027,base,high,5030.215228897853,0.25861466,1300.8874011482405,3729.327827749613,KHF survey-scope-equivalent reported units,2025 KHF fixed reporting coverage assumption; not national census,synthetic_assumed_share_not_measured_or_fitted,False
Valve,2027,high,high,5410.877392768899,0.25861466,1399.3322172326152,4011.5451755362838,KHF survey-scope-equivalent reported units,2025 KHF fixed reporting coverage assumption; not national census,synthetic_assumed_share_not_measured_or_fitted,False
Valve,2028,low,high,4382.432371421612,0.30459195,1334.8536217544329,3047.5787496671783,KHF survey-scope-equivalent reported units,2025 KHF fixed reporting coverage assumption; not national census,synthetic_assumed_share_not_measured_or_fitted,False
Valve,2028,base,high,5054.645618679703,0.30459195,1539.6043655526073,3515.041253127096,KHF survey-scope-equivalent reported units,2025 KHF fixed reporting coverage assumption; not national census,synthetic_assumed_share_not_measured_or_fitted,False
Valve,2028,high,high,5633.553641045475,0.30459195,1715.9350889556413,3917.6185520898334,KHF survey-scope-equivalent reported units,2025 KHF fixed reporting coverage assumption; not national census,synthetic_assumed_share_not_measured_or_fitted,False
Valve,2029,low,high,4182.961946944036,0.34577997,1446.3844565254503,2736.577490418586,KHF survey-scope-equivalent reported units,2025 KHF fixed reporting coverage assumption; not national census,synthetic_assumed_share_not_measured_or_fitted,False
Valve,2029,base,high,5051.605031458947,0.34577997,1746.743836229724,3304.861195229224,KHF survey-scope-equivalent reported units,2025 KHF fixed reporting coverage assumption; not national census,synthetic_assumed_share_not_measured_or_fitted,False
Valve,2029,high,high,5763.694399116237,0.34577997,1992.9700764155805,3770.724322700657,KHF survey-scope-equivalent reported units,2025 KHF fixed reporting coverage assumption; not national census,synthetic_assumed_share_not_measured_or_fitted,False
Valve,2030,low,high,3995.7846706768332,0.3826776,1529.097287891401,2466.687382785432,KHF survey-scope-equivalent reported units,2025 KHF fixed reporting coverage assumption; not national census,synthetic_assumed_share_not_measured_or_fitted,False
Valve,2030,base,high,5059.431445425813,0.3826776,1936.131082900081,3123.3003625257315,KHF survey-scope-equivalent reported units,2025 KHF fixed reporting coverage assumption; not national census,synthetic_assumed_share_not_measured_or_fitted,False
Valve,2030,high,high,5913.539169748582,0.3826776,2262.97897698538,3650.5601927632015,KHF survey-scope-equivalent reported units,2025 KHF fixed reporting coverage assumption; not national census,synthetic_assumed_share_not_measured_or_fitted,False
Valve,2031,low,high,3899.0910361745673,0.41573177,1620.976017859987,2278.11501831458,KHF survey-scope-equivalent reported units,2025 KHF fixed reporting coverage assumption; not national census,synthetic_assumed_share_not_measured_or_fitted,False
Valve,2031,base,high,5061.69385502471,0.41573177,2104.306945547546,2957.3869094771635,KHF survey-scope-equivalent reported units,2025 KHF fixed reporting coverage assumption; not national census,synthetic_assumed_share_not_measured_or_fitted,False
Valve,2031,high,high,6057.974886449654,0.41573177,2518.4926221592636,3539.48226429039,KHF survey-scope-equivalent reported units,2025 KHF fixed reporting coverage assumption; not national census,synthetic_assumed_share_not_measured_or_fitted,False
Valve,2032,low,high,3802.116391863266,0.44534281,1693.245197899448,2108.871193963818,KHF survey-scope-equivalent reported units,2025 KHF fixed reporting coverage assumption; not national census,synthetic_assumed_share_not_measured_or_fitted,False
Valve,2032,base,high,5058.250273395988,0.44534281,2252.6553904374373,2805.594882958551,KHF survey-scope-equivalent reported units,2025 KHF fixed reporting coverage assumption; not national census,synthetic_assumed_share_not_measured_or_fitted,False
Valve,2032,high,high,6195.679821174891,0.44534281,2759.2014614223235,3436.4783597525675,KHF survey-scope-equivalent reported units,2025 KHF fixed reporting coverage assumption; not national census,synthetic_assumed_share_not_measured_or_fitted,False
Valve,2033,low,high,3707.712722233867,0.4718694,1749.5561776128616,1958.1565446210057,KHF survey-scope-equivalent reported units,2025 KHF fixed reporting coverage assumption; not national census,synthetic_assumed_share_not_measured_or_fitted,False
Valve,2033,base,high,5055.669211076205,0.4718694,2385.615597229002,2670.053613847203,KHF survey-scope-equivalent reported units,2025 KHF fixed reporting coverage assumption; not national census,synthetic_assumed_share_not_measured_or_fitted,False
Valve,2033,high,high,6337.397775266939,0.4718694,2990.4240857765453,3346.9736894903936,KHF survey-scope-equivalent reported units,2025 KHF fixed reporting coverage assumption; not national census,synthetic_assumed_share_not_measured_or_fitted,False
Valve,2034,low,high,3620.931086524137,0.49563282,1794.652285439622,1826.278801084515,KHF survey-scope-equivalent reported units,2025 KHF fixed reporting coverage assumption; not national census,synthetic_assumed_share_not_measured_or_fitted,False
Valve,2034,base,high,5065.243407399536,0.49563282,2510.500873995841,2554.7425334036952,KHF survey-scope-equivalent reported units,2025 KHF fixed reporting coverage assumption; not national census,synthetic_assumed_share_not_measured_or_fitted,False
Valve,2034,high,high,6502.869914547327,0.49563282,3223.035753840251,3279.8341607070765,KHF survey-scope-equivalent reported units,2025 KHF fixed reporting coverage assumption; not national census,synthetic_assumed_share_not_measured_or_fitted,False
Valve,2035,low,high,3530.9827490099847,0.5169209,1825.2387805027154,1705.7439685072693,KHF survey-scope-equivalent reported units,2025 KHF fixed reporting coverage assumption; not national census,synthetic_assumed_share_not_measured_or_fitted,False
Valve,2035,base,high,5062.670499423223,0.5169209,2617.000190965302,2445.6703084579212,KHF survey-scope-equivalent reported units,2025 KHF fixed reporting coverage assumption; not national census,synthetic_assumed_share_not_measured_or_fitted,False
Valve,2035,high,high,6650.90996475577,0.5169209,3437.994364800521,3212.9155999552486,KHF survey-scope-equivalent reported units,2025 KHF fixed reporting coverage assumption; not national census,synthetic_assumed_share_not_measured_or_fitted,False
Valve,2036,low,high,3444.146652166961,0.5359915,1846.0333303149475,1598.1133218520133,KHF survey-scope-equivalent reported units,2025 KHF fixed reporting coverage assumption; not national census,synthetic_assumed_share_not_measured_or_fitted,False
Valve,2036,base,high,5062.186516756443,0.5359915,2713.2889443960607,2348.897572360382,KHF survey-scope-equivalent reported units,2025 KHF fixed reporting coverage assumption; not national census,synthetic_assumed_share_not_measured_or_fitted,False
Valve,2036,high,high,6805.877245212964,0.5359915,3647.892353477564,3157.9848917354,KHF survey-scope-equivalent reported units,2025 KHF fixed reporting coverage assumption; not national census,synthetic_assumed_share_not_measured_or_fitted,False
Valve,2037,low,high,3355.09784257315,0.55307558,1855.6226852378936,1499.4751573352564,KHF survey-scope-equivalent reported units,2025 KHF fixed reporting coverage assumption; not national census,synthetic_assumed_share_not_measured_or_fitted,False
Valve,2037,base,high,5051.718819688117,0.55307558,2793.9823161959207,2257.7365034921963,KHF survey-scope-equivalent reported units,2025 KHF fixed reporting coverage assumption; not national census,synthetic_assumed_share_not_measured_or_fitted,False
Valve,2037,high,high,6946.024080413974,0.55307558,3841.6762969689253,3104.3477834450487,KHF survey-scope-equivalent reported units,2025 KHF fixed reporting coverage assumption; not national census,synthetic_assumed_share_not_measured_or_fitted,False
Valve,2038,low,high,3266.1965148880763,0.56838009,1856.4410690897712,1409.7554457983051,KHF survey-scope-equivalent reported units,2025 KHF fixed reporting coverage assumption; not national census,synthetic_assumed_share_not_measured_or_fitted,False
Valve,2038,base,high,5037.0083974576355,0.56838009,2862.935286277727,2174.0731111799087,KHF survey-scope-equivalent reported units,2025 KHF fixed reporting coverage assumption; not national census,synthetic_assumed_share_not_measured_or_fitted,False
Valve,2038,high,high,7080.432823330753,0.56838009,4024.3770453636876,3056.0557779670658,KHF survey-scope-equivalent reported units,2025 KHF fixed reporting coverage assumption; not national census,synthetic_assumed_share_not_measured_or_fitted,False
Valve,2039,low,high,3176.5545953870296,0.58209039,1849.0419032851282,1327.5126921019014,KHF survey-scope-equivalent reported units,2025 KHF fixed reporting coverage assumption; not national census,synthetic_assumed_share_not_measured_or_fitted,False
Valve,2039,base,high,5015.607614803223,0.58209039,2919.536992587778,2096.0706222154454,KHF survey-scope-equivalent reported units,2025 KHF fixed reporting coverage assumption; not national census,synthetic_assumed_share_not_measured_or_fitted,False
Valve,2039,high,high,7205.249749609461,0.58209039,4194.106636797574,3011.143112811888,KHF survey-scope-equivalent reported units,2025 KHF fixed reporting coverage assumption; not national census,synthetic_assumed_share_not_measured_or_fitted,False
Valve,2040,low,high,3083.0938901687505,0.59437255,1832.5063773890201,1250.5875127797303,KHF survey-scope-equivalent reported units,2025 KHF fixed reporting coverage assumption; not national census,synthetic_assumed_share_not_measured_or_fitted,False
Valve,2040,base,high,4979.56977881876,0.59437255,2959.719587339442,2019.8501914793176,KHF survey-scope-equivalent reported units,2025 KHF fixed reporting coverage assumption; not national census,synthetic_assumed_share_not_measured_or_fitted,False
Valve,2040,high,high,7304.778525068739,0.59437255,4341.759839130345,2963.018685938394,KHF survey-scope-equivalent reported units,2025 KHF fixed reporting coverage assumption; not national census,synthetic_assumed_share_not_measured_or_fitted,False
CABG,2025,low,low,4597.0,0.02,91.94,4505.0599999999995,NHIS within-category reported claim cases,NHIS 12-code category; all ages; no unique episode conversion,synthetic_assumed_share_not_measured_or_fitted,False
CABG,2025,base,low,4597.0,0.02,91.94,4505.0599999999995,NHIS within-category reported claim cases,NHIS 12-code category; all ages; no unique episode conversion,synthetic_assumed_share_not_measured_or_fitted,False
CABG,2025,high,low,4597.0,0.02,91.94,4505.0599999999995,NHIS within-category reported claim cases,NHIS 12-code category; all ages; no unique episode conversion,synthetic_assumed_share_not_measured_or_fitted,False
CABG,2026,low,low,4640.287864505668,0.02158411,100.15648369915543,4540.131380806512,NHIS within-category reported claim cases,NHIS 12-code category; all ages; no unique episode conversion,synthetic_assumed_share_not_measured_or_fitted,False
CABG,2026,base,low,4848.069987750775,0.02158411,104.64127590331138,4743.428711847463,NHIS within-category reported claim cases,NHIS 12-code category; all ages; no unique episode conversion,synthetic_assumed_share_not_measured_or_fitted,False
CABG,2026,high,low,5034.789374631841,0.02158411,108.67144768888487,4926.117926942957,NHIS within-category reported claim cases,NHIS 12-code category; all ages; no unique episode conversion,synthetic_assumed_share_not_measured_or_fitted,False
CABG,2027,low,low,4647.756530540423,0.02313684,107.53439920606888,4540.222131334354,NHIS within-category reported claim cases,NHIS 12-code category; all ages; no unique episode conversion,synthetic_assumed_share_not_measured_or_fitted,False
CABG,2027,base,low,5069.573001344717,0.02313684,117.29389940043251,4952.279101944285,NHIS within-category reported claim cases,NHIS 12-code category; all ages; no unique episode conversion,synthetic_assumed_share_not_measured_or_fitted,False
CABG,2027,high,low,5457.152195405581,0.02313684,126.26125720074765,5330.890938204832,NHIS within-category reported claim cases,NHIS 12-code category; all ages; no unique episode conversion,synthetic_assumed_share_not_measured_or_fitted,False
CABG,2028,low,low,4664.0227705025245,0.02465884,115.00939125417848,4549.013379248347,NHIS within-category reported claim cases,NHIS 12-code category; all ages; no unique episode conversion,synthetic_assumed_share_not_measured_or_fitted,False
CABG,2028,base,low,5309.417844742827,0.02465884,130.9240851266582,5178.493759616169,NHIS within-category reported claim cases,NHIS 12-code category; all ages; no unique episode conversion,synthetic_assumed_share_not_measured_or_fitted,False
CABG,2028,high,low,5913.505537279688,0.02465884,145.82018688289386,5767.685350396794,NHIS within-category reported claim cases,NHIS 12-code category; all ages; no unique episode conversion,synthetic_assumed_share_not_measured_or_fitted,False
CABG,2029,low,low,4663.142533120338,0.02615069,121.9443948094447,4541.198138310893,NHIS within-category reported claim cases,NHIS 12-code category; all ages; no unique episode conversion,synthetic_assumed_share_not_measured_or_fitted,False
CABG,2029,base,low,5398.940010769453,0.02615069,141.18600655022863,5257.754004219224,NHIS within-category reported claim cases,NHIS 12-code category; all ages; no unique episode conversion,synthetic_assumed_share_not_measured_or_fitted,False
CABG,2029,high,low,6084.508975662343,0.02615069,159.11410802476348,5925.394867637579,NHIS within-category reported claim cases,NHIS 12-code category; all ages; no unique episode conversion,synthetic_assumed_share_not_measured_or_fitted,False
CABG,2030,low,low,4678.178134319017,0.02761301,129.17857960473236,4548.999554714284,NHIS within-category reported claim cases,NHIS 12-code category; all ages; no unique episode conversion,synthetic_assumed_share_not_measured_or_fitted,False
CABG,2030,base,low,5509.86306932232,0.02761301,152.14390403182793,5357.719165290492,NHIS within-category reported claim cases,NHIS 12-code category; all ages; no unique episode conversion,synthetic_assumed_share_not_measured_or_fitted,False
CABG,2030,high,low,6282.331285383242,0.02761301,173.47407660660033,6108.8572087766415,NHIS within-category reported claim cases,NHIS 12-code category; all ages; no unique episode conversion,synthetic_assumed_share_not_measured_or_fitted,False
CABG,2031,low,low,4693.185331070768,0.02904637,136.31999760485402,4556.865333465915,NHIS within-category reported claim cases,NHIS 12-code category; all ages; no unique episode conversion,synthetic_assumed_share_not_measured_or_fitted,False
CABG,2031,base,low,5623.156274620324,0.02904637,163.33227772044356,5459.8239968998805,NHIS within-category reported claim cases,NHIS 12-code category; all ages; no unique episode conversion,synthetic_assumed_share_not_measured_or_fitted,False
CABG,2031,high,low,6486.457617003348,0.02904637,188.40804793279753,6298.04956907055,NHIS within-category reported claim cases,NHIS 12-code category; all ages; no unique episode conversion,synthetic_assumed_share_not_measured_or_fitted,False
CABG,2032,low,low,4684.407955185198,0.03045134,142.64649934204922,4541.761455843149,NHIS within-category reported claim cases,NHIS 12-code category; all ages; no unique episode conversion,synthetic_assumed_share_not_measured_or_fitted,False
CABG,2032,base,low,5709.391227340298,0.03045134,173.85861345675673,5535.532613883542,NHIS within-category reported claim cases,NHIS 12-code category; all ages; no unique episode conversion,synthetic_assumed_share_not_measured_or_fitted,False
CABG,2032,high,low,6664.017122266624,0.03045134,202.92825115596253,6461.088871110661,NHIS within-category reported claim cases,NHIS 12-code category; all ages; no unique episode conversion,synthetic_assumed_share_not_measured_or_fitted,False
CABG,2033,low,low,4671.069025171684,0.0318285,148.67312046767697,4522.395904704007,NHIS within-category reported claim cases,NHIS 12-code category; all ages; no unique episode conversion,synthetic_assumed_share_not_measured_or_fitted,False
CABG,2033,base,low,5790.827532719505,0.0318285,184.3133541251628,5606.514178594342,NHIS within-category reported claim cases,NHIS 12-code category; all ages; no unique episode conversion,synthetic_assumed_share_not_measured_or_fitted,False
CABG,2033,high,low,6838.037866825333,0.0318285,217.64448824425014,6620.393378581083,NHIS within-category reported claim cases,NHIS 12-code category; all ages; no unique episode conversion,synthetic_assumed_share_not_measured_or_fitted,False
CABG,2034,low,low,4663.201961284657,0.03317838,154.71748668824765,4508.484474596409,NHIS within-category reported claim cases,NHIS 12-code category; all ages; no unique episode conversion,synthetic_assumed_share_not_measured_or_fitted,False
CABG,2034,base,low,5879.701237048924,0.03317838,195.07896192927927,5684.622275119645,NHIS within-category reported claim cases,NHIS 12-code category; all ages; no unique episode conversion,synthetic_assumed_share_not_measured_or_fitted,False
CABG,2034,high,low,7024.934774970535,0.03317838,233.07595543918688,6791.858819531349,NHIS within-category reported claim cases,NHIS 12-code category; all ages; no unique episode conversion,synthetic_assumed_share_not_measured_or_fitted,False
CABG,2035,low,low,4639.505754087636,0.03450154,160.07009335488473,4479.435660732752,NHIS within-category reported claim cases,NHIS 12-code category; all ages; no unique episode conversion,synthetic_assumed_share_not_measured_or_fitted,False
CABG,2035,base,low,5951.215340450531,0.03450154,205.3260941171676,5745.889246333363,NHIS within-category reported claim cases,NHIS 12-code category; all ages; no unique episode conversion,synthetic_assumed_share_not_measured_or_fitted,False
CABG,2035,high,low,7194.149366434091,0.03450154,248.2092321320004,6945.940134302091,NHIS within-category reported claim cases,NHIS 12-code category; all ages; no unique episode conversion,synthetic_assumed_share_not_measured_or_fitted,False
CABG,2036,low,low,4625.933397366271,0.0357985,165.60147672561644,4460.331920640654,NHIS within-category reported claim cases,NHIS 12-code category; all ages; no unique episode conversion,synthetic_assumed_share_not_measured_or_fitted,False
CABG,2036,base,low,6034.733736031634,0.0357985,216.03441564932845,5818.699320382306,NHIS within-category reported claim cases,NHIS 12-code category; all ages; no unique episode conversion,synthetic_assumed_share_not_measured_or_fitted,False
CABG,2036,high,low,7382.240716615192,0.0357985,264.2731442937489,7117.967572321443,NHIS within-category reported claim cases,NHIS 12-code category; all ages; no unique episode conversion,synthetic_assumed_share_not_measured_or_fitted,False
CABG,2037,low,low,4586.863931229583,0.03706977,170.03399095197645,4416.8299402776065,NHIS within-category reported claim cases,NHIS 12-code category; all ages; no unique episode conversion,synthetic_assumed_share_not_measured_or_fitted,False
CABG,2037,base,low,6086.921133941302,0.03706977,225.64076644334327,5861.280367497959,NHIS within-category reported claim cases,NHIS 12-code category; all ages; no unique episode conversion,synthetic_assumed_share_not_measured_or_fitted,False
CABG,2037,high,low,7534.258751275427,0.03706977,279.29323903026733,7254.9655122451595,NHIS within-category reported claim cases,NHIS 12-code category; all ages; no unique episode conversion,synthetic_assumed_share_not_measured_or_fitted,False
CABG,2038,low,low,4544.420191685913,0.03831587,174.12341329001254,4370.2967783959,NHIS within-category reported claim cases,NHIS 12-code category; all ages; no unique episode conversion,synthetic_assumed_share_not_measured_or_fitted,False
CABG,2038,base,low,6134.475355718901,0.03831587,235.04776024792918,5899.427595470971,NHIS within-category reported claim cases,NHIS 12-code category; all ages; no unique episode conversion,synthetic_assumed_share_not_measured_or_fitted,False
CABG,2038,high,low,7682.385759302334,0.03831587,294.3572940432795,7388.028465259054,NHIS within-category reported claim cases,NHIS 12-code category; all ages; no unique episode conversion,synthetic_assumed_share_not_measured_or_fitted,False
CABG,2039,low,low,4494.209675635088,0.0395373,177.68891620848717,4316.520759426601,NHIS within-category reported claim cases,NHIS 12-code category; all ages; no unique episode conversion,synthetic_assumed_share_not_measured_or_fitted,False
CABG,2039,base,low,6172.28948524987,0.0395373,244.03566106516968,5928.2538241847005,NHIS within-category reported claim cases,NHIS 12-code category; all ages; no unique episode conversion,synthetic_assumed_share_not_measured_or_fitted,False
CABG,2039,high,low,7822.145191670447,0.0395373,309.26650108663193,7512.878690583815,NHIS within-category reported claim cases,NHIS 12-code category; all ages; no unique episode conversion,synthetic_assumed_share_not_measured_or_fitted,False
CABG,2040,low,low,4421.079346205909,0.04073454,180.09063347119846,4240.988712734711,NHIS within-category reported claim cases,NHIS 12-code category; all ages; no unique episode conversion,synthetic_assumed_share_not_measured_or_fitted,False
CABG,2040,base,low,6177.3823098895045,0.04073454,251.63282679748642,5925.749483092019,NHIS within-category reported claim cases,NHIS 12-code category; all ages; no unique episode conversion,synthetic_assumed_share_not_measured_or_fitted,False
CABG,2040,high,low,7920.040551646517,0.04073454,322.6192086526671,7597.42134299385,NHIS within-category reported claim cases,NHIS 12-code category; all ages; no unique episode conversion,synthetic_assumed_share_not_measured_or_fitted,False
CABG,2025,low,base,4597.0,0.02,91.94,4505.0599999999995,NHIS within-category reported claim cases,NHIS 12-code category; all ages; no unique episode conversion,synthetic_assumed_share_not_measured_or_fitted,False
CABG,2025,base,base,4597.0,0.02,91.94,4505.0599999999995,NHIS within-category reported claim cases,NHIS 12-code category; all ages; no unique episode conversion,synthetic_assumed_share_not_measured_or_fitted,False
CABG,2025,high,base,4597.0,0.02,91.94,4505.0599999999995,NHIS within-category reported claim cases,NHIS 12-code category; all ages; no unique episode conversion,synthetic_assumed_share_not_measured_or_fitted,False
CABG,2026,low,base,4640.287864505668,0.0287787,133.54145236624927,4506.746412139419,NHIS within-category reported claim cases,NHIS 12-code category; all ages; no unique episode conversion,synthetic_assumed_share_not_measured_or_fitted,False
CABG,2026,base,base,4848.069987750775,0.0287787,139.52115175648322,4708.548835994292,NHIS within-category reported claim cases,NHIS 12-code category; all ages; no unique episode conversion,synthetic_assumed_share_not_measured_or_fitted,False
CABG,2026,high,base,5034.789374631841,0.0287787,144.8946929757174,4889.894681656124,NHIS within-category reported claim cases,NHIS 12-code category; all ages; no unique episode conversion,synthetic_assumed_share_not_measured_or_fitted,False
CABG,2027,low,base,4647.756530540423,0.03712926,172.5677606391333,4475.1887699012905,NHIS within-category reported claim cases,NHIS 12-code category; all ages; no unique episode conversion,synthetic_assumed_share_not_measured_or_fitted,False
CABG,2027,base,base,5069.573001344717,0.03712926,188.22949405590833,4881.34350728881,NHIS within-category reported claim cases,NHIS 12-code category; all ages; no unique episode conversion,synthetic_assumed_share_not_measured_or_fitted,False
CABG,2027,high,base,5457.152195405581,0.03712926,202.6200227227846,5254.532172682796,NHIS within-category reported claim cases,NHIS 12-code category; all ages; no unique episode conversion,synthetic_assumed_share_not_measured_or_fitted,False
CABG,2028,low,base,4664.0227705025245,0.04507256,210.21944616484126,4453.803324337683,NHIS within-category reported claim cases,NHIS 12-code category; all ages; no unique episode conversion,synthetic_assumed_share_not_measured_or_fitted,False
CABG,2028,base,base,5309.417844742827,0.04507256,239.30905437224172,5070.108790370585,NHIS within-category reported claim cases,NHIS 12-code category; all ages; no unique episode conversion,synthetic_assumed_share_not_measured_or_fitted,False
CABG,2028,high,base,5913.505537279688,0.04507256,266.53683313937097,5646.968704140317,NHIS within-category reported claim cases,NHIS 12-code category; all ages; no unique episode conversion,synthetic_assumed_share_not_measured_or_fitted,False
CABG,2029,low,base,4663.142533120338,0.05262846,245.4140102786224,4417.728522841716,NHIS within-category reported claim cases,NHIS 12-code category; all ages; no unique episode conversion,synthetic_assumed_share_not_measured_or_fitted,False
CABG,2029,base,base,5398.940010769453,0.05262846,284.13789839917973,5114.802112370273,NHIS within-category reported claim cases,NHIS 12-code category; all ages; no unique episode conversion,synthetic_assumed_share_not_measured_or_fitted,False
CABG,2029,high,base,6084.508975662343,0.05262846,320.2183372452866,5764.2906384170565,NHIS within-category reported claim cases,NHIS 12-code category; all ages; no unique episode conversion,synthetic_assumed_share_not_measured_or_fitted,False
CABG,2030,low,base,4678.178134319017,0.05981586,279.8292483374875,4398.348885981529,NHIS within-category reported claim cases,NHIS 12-code category; all ages; no unique episode conversion,synthetic_assumed_share_not_measured_or_fitted,False
CABG,2030,base,base,5509.86306932232,0.05981586,329.5771979737542,5180.285871348566,NHIS within-category reported claim cases,NHIS 12-code category; all ages; no unique episode conversion,synthetic_assumed_share_not_measured_or_fitted,False
CABG,2030,high,base,6282.331285383242,0.05981586,375.783048640104,5906.548236743138,NHIS within-category reported claim cases,NHIS 12-code category; all ages; no unique episode conversion,synthetic_assumed_share_not_measured_or_fitted,False
CABG,2031,low,base,4693.185331070768,0.06665272,312.81356777996723,4380.371763290801,NHIS within-category reported claim cases,NHIS 12-code category; all ages; no unique episode conversion,synthetic_assumed_share_not_measured_or_fitted,False
CABG,2031,base,base,5623.156274620324,0.06665272,374.7986606885116,5248.357613931813,NHIS within-category reported claim cases,NHIS 12-code category; all ages; no unique episode conversion,synthetic_assumed_share_not_measured_or_fitted,False
CABG,2031,high,base,6486.457617003348,0.06665272,432.3400433379914,6054.117573665357,NHIS within-category reported claim cases,NHIS 12-code category; all ages; no unique episode conversion,synthetic_assumed_share_not_measured_or_fitted,False
CABG,2032,low,base,4684.407955185198,0.07315614,342.69320418664205,4341.714750998556,NHIS within-category reported claim cases,NHIS 12-code category; all ages; no unique episode conversion,synthetic_assumed_share_not_measured_or_fitted,False
CABG,2032,base,base,5709.391227340298,0.07315614,417.6770239420787,5291.714203398219,NHIS within-category reported claim cases,NHIS 12-code category; all ages; no unique episode conversion,synthetic_assumed_share_not_measured_or_fitted,False
CABG,2032,high,base,6664.017122266624,0.07315614,487.5137695589342,6176.503352707689,NHIS within-category reported claim cases,NHIS 12-code category; all ages; no unique episode conversion,synthetic_assumed_share_not_measured_or_fitted,False
CABG,2033,low,base,4671.069025171684,0.07934239,370.6137803120916,4300.455244859592,NHIS within-category reported claim cases,NHIS 12-code category; all ages; no unique episode conversion,synthetic_assumed_share_not_measured_or_fitted,False
CABG,2033,base,base,5790.827532719505,0.07934239,459.45809652376875,5331.369436195737,NHIS within-category reported claim cases,NHIS 12-code category; all ages; no unique episode conversion,synthetic_assumed_share_not_measured_or_fitted,False
CABG,2033,high,base,6838.037866825333,0.07934239,542.5462672644237,6295.49159956091,NHIS within-category reported claim cases,NHIS 12-code category; all ages; no unique episode conversion,synthetic_assumed_share_not_measured_or_fitted,False
CABG,2034,low,base,4663.201961284657,0.08522693,397.4303871302702,4265.771574154387,NHIS within-category reported claim cases,NHIS 12-code category; all ages; no unique episode conversion,synthetic_assumed_share_not_measured_or_fitted,False
CABG,2034,base,base,5879.701237048924,0.08522693,501.10888575088205,5378.592351298042,NHIS within-category reported claim cases,NHIS 12-code category; all ages; no unique episode conversion,synthetic_assumed_share_not_measured_or_fitted,False
CABG,2034,high,base,7024.934774970535,0.08522693,598.7136243209795,6426.221150649555,NHIS within-category reported claim cases,NHIS 12-code category; all ages; no unique episode conversion,synthetic_assumed_share_not_measured_or_fitted,False
CABG,2035,low,base,4639.505754087636,0.09082448,421.3806975720174,4218.125056515619,NHIS within-category reported claim cases,NHIS 12-code category; all ages; no unique episode conversion,synthetic_assumed_share_not_measured_or_fitted,False
CABG,2035,base,base,5951.215340450531,0.09082448,540.5160386644424,5410.699301786089,NHIS within-category reported claim cases,NHIS 12-code category; all ages; no unique episode conversion,synthetic_assumed_share_not_measured_or_fitted,False
CABG,2035,high,base,7194.149366434091,0.09082448,653.4048752487057,6540.7444911853845,NHIS within-category reported claim cases,NHIS 12-code category; all ages; no unique episode conversion,synthetic_assumed_share_not_measured_or_fitted,False
CABG,2036,low,base,4625.933397366271,0.09614903,444.77900900137143,4181.154388364899,NHIS within-category reported claim cases,NHIS 12-code category; all ages; no unique episode conversion,synthetic_assumed_share_not_measured_or_fitted,False
CABG,2036,base,base,6034.733736031634,0.09614903,580.2337950277176,5454.499941003916,NHIS within-category reported claim cases,NHIS 12-code category; all ages; no unique episode conversion,synthetic_assumed_share_not_measured_or_fitted,False
CABG,2036,high,base,7382.240716615192,0.09614903,709.7952841290555,6672.445432486136,NHIS within-category reported claim cases,NHIS 12-code category; all ages; no unique episode conversion,synthetic_assumed_share_not_measured_or_fitted,False
CABG,2037,low,base,4586.863931229583,0.10121391,464.2544331177172,4122.609498111866,NHIS within-category reported claim cases,NHIS 12-code category; all ages; no unique episode conversion,synthetic_assumed_share_not_measured_or_fitted,False
CABG,2037,base,base,6086.921133941302,0.10121391,616.0810878278329,5470.840046113469,NHIS within-category reported claim cases,NHIS 12-code category; all ages; no unique episode conversion,synthetic_assumed_share_not_measured_or_fitted,False
CABG,2037,high,base,7534.258751275427,0.10121391,762.5717871683034,6771.6869641071235,NHIS within-category reported claim cases,NHIS 12-code category; all ages; no unique episode conversion,synthetic_assumed_share_not_measured_or_fitted,False
CABG,2038,low,base,4544.420191685913,0.10603176,481.85287110399474,4062.567320581918,NHIS within-category reported claim cases,NHIS 12-code category; all ages; no unique episode conversion,synthetic_assumed_share_not_measured_or_fitted,False
CABG,2038,base,base,6134.475355718901,0.10603176,650.4492186435011,5484.0261370754,NHIS within-category reported claim cases,NHIS 12-code category; all ages; no unique episode conversion,synthetic_assumed_share_not_measured_or_fitted,False
CABG,2038,high,base,7682.385759302334,0.10603176,814.5768830577629,6867.808876244571,NHIS within-category reported claim cases,NHIS 12-code category; all ages; no unique episode conversion,synthetic_assumed_share_not_measured_or_fitted,False
CABG,2039,low,base,4494.209675635088,0.11061465,497.1254302969888,3997.084245338099,NHIS within-category reported claim cases,NHIS 12-code category; all ages; no unique episode conversion,synthetic_assumed_share_not_measured_or_fitted,False
CABG,2039,base,base,6172.28948524987,0.11061465,682.7456411095945,5489.543844140276,NHIS within-category reported claim cases,NHIS 12-code category; all ages; no unique episode conversion,synthetic_assumed_share_not_measured_or_fitted,False
CABG,2039,high,base,7822.145191670447,0.11061465,865.2438526258094,6956.901339044637,NHIS within-category reported claim cases,NHIS 12-code category; all ages; no unique episode conversion,synthetic_assumed_share_not_measured_or_fitted,False
CABG,2040,low,base,4421.079346205909,0.11497402,508.3092651722651,3912.770081033644,NHIS within-category reported claim cases,NHIS 12-code category; all ages; no unique episode conversion,synthetic_assumed_share_not_measured_or_fitted,False
CABG,2040,base,base,6177.3823098895045,0.11497402,710.2384772448821,5467.143832644622,NHIS within-category reported claim cases,NHIS 12-code category; all ages; no unique episode conversion,synthetic_assumed_share_not_measured_or_fitted,False
CABG,2040,high,base,7920.040551646517,0.11497402,910.5989007858177,7009.441650860699,NHIS within-category reported claim cases,NHIS 12-code category; all ages; no unique episode conversion,synthetic_assumed_share_not_measured_or_fitted,False
CABG,2025,low,high,4597.0,0.02,91.94,4505.0599999999995,NHIS within-category reported claim cases,NHIS 12-code category; all ages; no unique episode conversion,synthetic_assumed_share_not_measured_or_fitted,False
CABG,2025,base,high,4597.0,0.02,91.94,4505.0599999999995,NHIS within-category reported claim cases,NHIS 12-code category; all ages; no unique episode conversion,synthetic_assumed_share_not_measured_or_fitted,False
CABG,2025,high,high,4597.0,0.02,91.94,4505.0599999999995,NHIS within-category reported claim cases,NHIS 12-code category; all ages; no unique episode conversion,synthetic_assumed_share_not_measured_or_fitted,False
CABG,2026,low,high,4640.287864505668,0.04840271,224.60250782218716,4415.685356683481,NHIS within-category reported claim cases,NHIS 12-code category; all ages; no unique episode conversion,synthetic_assumed_share_not_measured_or_fitted,False
CABG,2026,base,high,4848.069987750775,0.04840271,234.65972567680433,4613.41026207397,NHIS within-category reported claim cases,NHIS 12-code category; all ages; no unique episode conversion,synthetic_assumed_share_not_measured_or_fitted,False
CABG,2026,high,high,5034.789374631841,0.04840271,243.6974500113864,4791.091924620455,NHIS within-category reported claim cases,NHIS 12-code category; all ages; no unique episode conversion,synthetic_assumed_share_not_measured_or_fitted,False
CABG,2027,low,high,4647.756530540423,0.07436083,345.6110332489062,4302.145497291517,NHIS within-category reported claim cases,NHIS 12-code category; all ages; no unique episode conversion,synthetic_assumed_share_not_measured_or_fitted,False
CABG,2027,base,high,5069.573001344717,0.07436083,376.9776561255843,4692.5953452191325,NHIS within-category reported claim cases,NHIS 12-code category; all ages; no unique episode conversion,synthetic_assumed_share_not_measured_or_fitted,False
CABG,2027,high,high,5457.152195405581,0.07436083,405.79836668668116,5051.353828718899,NHIS within-category reported claim cases,NHIS 12-code category; all ages; no unique episode conversion,synthetic_assumed_share_not_measured_or_fitted,False
CABG,2028,low,high,4664.0227705025245,0.09808477,457.4696007195029,4206.553169783021,NHIS within-category reported claim cases,NHIS 12-code category; all ages; no unique episode conversion,synthetic_assumed_share_not_measured_or_fitted,False
CABG,2028,base,high,5309.417844742827,0.09808477,520.7730281354959,4788.6448166073305,NHIS within-category reported claim cases,NHIS 12-code category; all ages; no unique episode conversion,synthetic_assumed_share_not_measured_or_fitted,False
CABG,2028,high,high,5913.505537279688,0.09808477,580.0248305178046,5333.480706761883,NHIS within-category reported claim cases,NHIS 12-code category; all ages; no unique episode conversion,synthetic_assumed_share_not_measured_or_fitted,False
CABG,2029,low,high,4663.142533120338,0.11976681,558.4897057671423,4104.652827353196,NHIS within-category reported claim cases,NHIS 12-code category; all ages; no unique episode conversion,synthetic_assumed_share_not_measured_or_fitted,False
CABG,2029,base,high,5398.940010769453,0.11976681,646.613822471223,4752.32618829823,NHIS within-category reported claim cases,NHIS 12-code category; all ages; no unique episode conversion,synthetic_assumed_share_not_measured_or_fitted,False
CABG,2029,high,high,6084.508975662343,0.11976681,728.7222304314464,5355.7867452308965,NHIS within-category reported claim cases,NHIS 12-code category; all ages; no unique episode conversion,synthetic_assumed_share_not_measured_or_fitted,False
CABG,2030,low,high,4678.178134319017,0.13958271,652.9927818509924,4025.1853524680246,NHIS within-category reported claim cases,NHIS 12-code category; all ages; no unique episode conversion,synthetic_assumed_share_not_measured_or_fitted,False
CABG,2030,base,high,5509.86306932232,0.13958271,769.0816189449273,4740.781450377393,NHIS within-category reported claim cases,NHIS 12-code category; all ages; no unique episode conversion,synthetic_assumed_share_not_measured_or_fitted,False
CABG,2030,high,high,6282.331285383242,0.13958271,876.9048259315763,5405.426459451666,NHIS within-category reported claim cases,NHIS 12-code category; all ages; no unique episode conversion,synthetic_assumed_share_not_measured_or_fitted,False
CABG,2031,low,high,4693.185331070768,0.15769308,740.0828498673692,3953.102481203399,NHIS within-category reported claim cases,NHIS 12-code category; all ages; no unique episode conversion,synthetic_assumed_share_not_measured_or_fitted,False
CABG,2031,base,high,5623.156274620324,0.15769308,886.7328322662048,4736.423442354119,NHIS within-category reported claim cases,NHIS 12-code category; all ages; no unique episode conversion,synthetic_assumed_share_not_measured_or_fitted,False
CABG,2031,high,high,6486.457617003348,0.15769308,1022.8694799147183,5463.588137088629,NHIS within-category reported claim cases,NHIS 12-code category; all ages; no unique episode conversion,synthetic_assumed_share_not_measured_or_fitted,False
CABG,2032,low,high,4684.407955185198,0.17424471,816.2333056729378,3868.1746495122607,NHIS within-category reported claim cases,NHIS 12-code category; all ages; no unique episode conversion,synthetic_assumed_share_not_measured_or_fitted,False
CABG,2032,base,high,5709.391227340298,0.17424471,994.8312186844544,4714.560008655844,NHIS within-category reported claim cases,NHIS 12-code category; all ages; no unique episode conversion,synthetic_assumed_share_not_measured_or_fitted,False
CABG,2032,high,high,6664.017122266624,0.17424471,1161.1697309043825,5502.847391362242,NHIS within-category reported claim cases,NHIS 12-code category; all ages; no unique episode conversion,synthetic_assumed_share_not_measured_or_fitted,False
CABG,2033,low,high,4671.069025171684,0.18937176,884.5685623782462,3786.500462793438,NHIS within-category reported claim cases,NHIS 12-code category; all ages; no unique episode conversion,synthetic_assumed_share_not_measured_or_fitted,False
CABG,2033,base,high,5790.827532719505,0.18937176,1096.6192017275503,4694.208330991954,NHIS within-category reported claim cases,NHIS 12-code category; all ages; no unique episode conversion,synthetic_assumed_share_not_measured_or_fitted,False
CABG,2033,high,high,6838.037866825333,0.18937176,1294.931265787359,5543.1066010379745,NHIS within-category reported claim cases,NHIS 12-code category; all ages; no unique episode conversion,synthetic_assumed_share_not_measured_or_fitted,False
CABG,2034,low,high,4663.201961284657,0.20319684,947.5479028148446,3715.6540584698128,NHIS within-category reported claim cases,NHIS 12-code category; all ages; no unique episode conversion,synthetic_assumed_share_not_measured_or_fitted,False
CABG,2034,base,high,5879.701237048924,0.20319684,1194.736711512432,4684.964525536492,NHIS within-category reported claim cases,NHIS 12-code category; all ages; no unique episode conversion,synthetic_assumed_share_not_measured_or_fitted,False
CABG,2034,high,high,7024.934774970535,0.20319684,1427.4445474801237,5597.490227490412,NHIS within-category reported claim cases,NHIS 12-code category; all ages; no unique episode conversion,synthetic_assumed_share_not_measured_or_fitted,False
CABG,2035,low,high,4639.505754087636,0.21583201,1001.3538523113001,3638.1519017763358,NHIS within-category reported claim cases,NHIS 12-code category; all ages; no unique episode conversion,synthetic_assumed_share_not_measured_or_fitted,False
CABG,2035,base,high,5951.215340450531,0.21583201,1284.4627688722724,4666.7525715782585,NHIS within-category reported claim cases,NHIS 12-code category; all ages; no unique episode conversion,synthetic_assumed_share_not_measured_or_fitted,False
CABG,2035,high,high,7194.149366434091,0.21583201,1552.7277179976961,5641.421648436394,NHIS within-category reported claim cases,NHIS 12-code category; all ages; no unique episode conversion,synthetic_assumed_share_not_measured_or_fitted,False
CABG,2036,low,high,4625.933397366271,0.22737969,1051.8433018537894,3574.090095512481,NHIS within-category reported claim cases,NHIS 12-code category; all ages; no unique episode conversion,synthetic_assumed_share_not_measured_or_fitted,False
CABG,2036,base,high,6034.733736031634,0.22737969,1372.1758861314147,4662.5578499002195,NHIS within-category reported claim cases,NHIS 12-code category; all ages; no unique episode conversion,synthetic_assumed_share_not_measured_or_fitted,False
CABG,2036,high,high,7382.240716615192,0.22737969,1678.57160564934,5703.669110965851,NHIS within-category reported claim cases,NHIS 12-code category; all ages; no unique episode conversion,synthetic_assumed_share_not_measured_or_fitted,False
CABG,2037,low,high,4586.863931229583,0.23793348,1091.3684974439352,3495.4954337856475,NHIS within-category reported claim cases,NHIS 12-code category; all ages; no unique episode conversion,synthetic_assumed_share_not_measured_or_fitted,False
CABG,2037,base,high,6086.921133941302,0.23793348,1448.2823278842002,4638.638806057102,NHIS within-category reported claim cases,NHIS 12-code category; all ages; no unique episode conversion,synthetic_assumed_share_not_measured_or_fitted,False
CABG,2037,high,high,7534.258751275427,0.23793348,1792.6524039114167,5741.60634736401,NHIS within-category reported claim cases,NHIS 12-code category; all ages; no unique episode conversion,synthetic_assumed_share_not_measured_or_fitted,False
CABG,2038,low,high,4544.420191685913,0.24757891,1125.1025976395895,3419.3175940463234,NHIS within-category reported claim cases,NHIS 12-code category; all ages; no unique episode conversion,synthetic_assumed_share_not_measured_or_fitted,False
CABG,2038,base,high,6134.475355718901,0.24757891,1518.7667219907478,4615.708633728153,NHIS within-category reported claim cases,NHIS 12-code category; all ages; no unique episode conversion,synthetic_assumed_share_not_measured_or_fitted,False
CABG,2038,high,high,7682.385759302334,0.24757891,1901.9966924875944,5780.38906681474,NHIS within-category reported claim cases,NHIS 12-code category; all ages; no unique episode conversion,synthetic_assumed_share_not_measured_or_fitted,False
CABG,2039,low,high,4494.209675635088,0.25639417,1152.2891595904275,3341.920516044661,NHIS within-category reported claim cases,NHIS 12-code category; all ages; no unique episode conversion,synthetic_assumed_share_not_measured_or_fitted,False
CABG,2039,base,high,6172.28948524987,0.25639417,1582.5390395703675,4589.750445679502,NHIS within-category reported claim cases,NHIS 12-code category; all ages; no unique episode conversion,synthetic_assumed_share_not_measured_or_fitted,False
CABG,2039,high,high,7822.145191670447,0.25639417,2005.552424037835,5816.592767632612,NHIS within-category reported claim cases,NHIS 12-code category; all ages; no unique episode conversion,synthetic_assumed_share_not_measured_or_fitted,False
CABG,2040,low,high,4421.079346205909,0.26445071,1169.1575720704884,3251.921774135421,NHIS within-category reported claim cases,NHIS 12-code category; all ages; no unique episode conversion,synthetic_assumed_share_not_measured_or_fitted,False
CABG,2040,base,high,6177.3823098895045,0.26445071,1633.6131377917193,4543.7691720977855,NHIS within-category reported claim cases,NHIS 12-code category; all ages; no unique episode conversion,synthetic_assumed_share_not_measured_or_fitted,False
CABG,2040,high,high,7920.040551646517,0.26445071,2094.460347111713,5825.580204534805,NHIS within-category reported claim cases,NHIS 12-code category; all ages; no unique episode conversion,synthetic_assumed_share_not_measured_or_fitted,False
Aorta,2025,low,low,3200.0,0.01,32.0,3168.0,KHF survey-scope-equivalent reported units,2025 KHF fixed reporting coverage assumption; not national census,synthetic_assumed_share_not_measured_or_fitted,False
Aorta,2025,base,low,3200.0,0.01,32.0,3168.0,KHF survey-scope-equivalent reported units,2025 KHF fixed reporting coverage assumption; not national census,synthetic_assumed_share_not_measured_or_fitted,False
Aorta,2025,high,low,3200.0,0.01,32.0,3168.0,KHF survey-scope-equivalent reported units,2025 KHF fixed reporting coverage assumption; not national census,synthetic_assumed_share_not_measured_or_fitted,False
Aorta,2026,low,low,3151.214597099864,0.01059552,33.388757287863555,3117.8258398120006,KHF survey-scope-equivalent reported units,2025 KHF fixed reporting coverage assumption; not national census,synthetic_assumed_share_not_measured_or_fitted,False
Aorta,2026,base,low,3273.4438301766263,0.01059552,34.68383957151305,3238.759990605113,KHF survey-scope-equivalent reported units,2025 KHF fixed reporting coverage assumption; not national census,synthetic_assumed_share_not_measured_or_fitted,False
Aorta,2026,high,low,3353.976952564254,0.01059552,35.53712988043361,3318.4398226838207,KHF survey-scope-equivalent reported units,2025 KHF fixed reporting coverage assumption; not national census,synthetic_assumed_share_not_measured_or_fitted,False
Aorta,2027,low,low,3087.9578003625957,0.01118218,34.530099956058606,3053.427700406537,KHF survey-scope-equivalent reported units,2025 KHF fixed reporting coverage assumption; not national census,synthetic_assumed_share_not_measured_or_fitted,False
Aorta,2027,base,low,3327.0760625937637,0.01118218,37.20396340561473,3289.8720991881487,KHF survey-scope-equivalent reported units,2025 KHF fixed reporting coverage assumption; not national census,synthetic_assumed_share_not_measured_or_fitted,False
Aorta,2027,high,low,3483.8647196902366,0.01118218,38.95720239122577,3444.9075172990106,KHF survey-scope-equivalent reported units,2025 KHF fixed reporting coverage assumption; not national census,synthetic_assumed_share_not_measured_or_fitted,False
Aorta,2028,low,low,3028.716666265124,0.0117601,35.61801086694449,2993.0986553981793,KHF survey-scope-equivalent reported units,2025 KHF fixed reporting coverage assumption; not national census,synthetic_assumed_share_not_measured_or_fitted,False
Aorta,2028,base,low,3388.119760116414,0.0117601,39.84462719094504,3348.275132925469,KHF survey-scope-equivalent reported units,2025 KHF fixed reporting coverage assumption; not national census,synthetic_assumed_share_not_measured_or_fitted,False
Aorta,2028,high,low,3627.237756809964,0.0117601,42.65667874386086,3584.581078066103,KHF survey-scope-equivalent reported units,2025 KHF fixed reporting coverage assumption; not national census,synthetic_assumed_share_not_measured_or_fitted,False
Aorta,2029,low,low,2957.1970882358446,0.01232942,36.46052492363679,2920.7365633122076,KHF survey-scope-equivalent reported units,2025 KHF fixed reporting coverage assumption; not national census,synthetic_assumed_share_not_measured_or_fitted,False
Aorta,2029,base,low,3430.4137218139217,0.01232942,42.295011550007004,3388.1187102639146,KHF survey-scope-equivalent reported units,2025 KHF fixed reporting coverage assumption; not national census,synthetic_assumed_share_not_measured_or_fitted,False
Aorta,2029,high,low,3711.030599028563,0.01232942,45.75485488827474,3665.2757441402878,KHF survey-scope-equivalent reported units,2025 KHF fixed reporting coverage assumption; not national census,synthetic_assumed_share_not_measured_or_fitted,False
Aorta,2030,low,low,2890.593608062133,0.01289026,37.26050316225899,2853.333104899874,KHF survey-scope-equivalent reported units,2025 KHF fixed reporting coverage assumption; not national census,synthetic_assumed_share_not_measured_or_fitted,False
Aorta,2030,base,low,3481.0754302049954,0.01289026,44.871967374954245,3436.203462830041,KHF survey-scope-equivalent reported units,2025 KHF fixed reporting coverage assumption; not national census,synthetic_assumed_share_not_measured_or_fitted,False
Aorta,2030,high,low,3807.510129415586,0.01289026,49.07979552080055,3758.4303338947852,KHF survey-scope-equivalent reported units,2025 KHF fixed reporting coverage assumption; not national census,synthetic_assumed_share_not_measured_or_fitted,False
Aorta,2031,low,low,2885.820652351217,0.01344275,38.79336557439432,2847.027286776823,KHF survey-scope-equivalent reported units,2025 KHF fixed reporting coverage assumption; not national census,synthetic_assumed_share_not_measured_or_fitted,False
Aorta,2031,base,low,3528.3414030915474,0.01344275,47.4306113964089,3480.910791695139,KHF survey-scope-equivalent reported units,2025 KHF fixed reporting coverage assumption; not national census,synthetic_assumed_share_not_measured_or_fitted,False
Aorta,2031,high,low,3900.5069691426347,0.01344275,52.43354005944215,3848.073429083193,KHF survey-scope-equivalent reported units,2025 KHF fixed reporting coverage assumption; not national census,synthetic_assumed_share_not_measured_or_fitted,False
Aorta,2032,low,low,2878.6701489771835,0.01398702,40.26401694714684,2838.4061320300366,KHF survey-scope-equivalent reported units,2025 KHF fixed reporting coverage assumption; not national census,synthetic_assumed_share_not_measured_or_fitted,False
Aorta,2032,base,low,3571.965647686189,0.01398702,49.96115495349968,3522.00449273269,KHF survey-scope-equivalent reported units,2025 KHF fixed reporting coverage assumption; not national census,synthetic_assumed_share_not_measured_or_fitted,False
Aorta,2032,high,low,3989.170106189065,0.01398702,55.79660205866857,3933.3735041303967,KHF survey-scope-equivalent reported units,2025 KHF fixed reporting coverage assumption; not national census,synthetic_assumed_share_not_measured_or_fitted,False
Aorta,2033,low,low,2871.7672856845343,0.01452318,41.70719320810792,2830.0600924764262,KHF survey-scope-equivalent reported units,2025 KHF fixed reporting coverage assumption; not national census,synthetic_assumed_share_not_measured_or_fitted,False
Aorta,2033,base,low,3616.746723929626,0.01452318,52.526663686040266,3564.220060243586,KHF survey-scope-equivalent reported units,2025 KHF fixed reporting coverage assumption; not national census,synthetic_assumed_share_not_measured_or_fitted,False
Aorta,2033,high,low,4080.4170786426967,0.01452318,59.26063170820204,4021.156446934495,KHF survey-scope-equivalent reported units,2025 KHF fixed reporting coverage assumption; not national census,synthetic_assumed_share_not_measured_or_fitted,False
Aorta,2034,low,low,2870.0785156177653,0.01505136,43.198584966828605,2826.879930650937,KHF survey-scope-equivalent reported units,2025 KHF fixed reporting coverage assumption; not national census,synthetic_assumed_share_not_measured_or_fitted,False
Aorta,2034,base,low,3671.3258669401885,0.01505136,55.25844730062887,3616.06741963956,KHF survey-scope-equivalent reported units,2025 KHF fixed reporting coverage assumption; not national census,synthetic_assumed_share_not_measured_or_fitted,False
Aorta,2034,high,low,4186.958496288018,0.01505136,63.01941963268962,4123.939076655329,KHF survey-scope-equivalent reported units,2025 KHF fixed reporting coverage assumption; not national census,synthetic_assumed_share_not_measured_or_fitted,False
Aorta,2035,low,low,2863.2890497969634,0.01557168,44.58622083094237,2818.702828966021,KHF survey-scope-equivalent reported units,2025 KHF fixed reporting coverage assumption; not national census,synthetic_assumed_share_not_measured_or_fitted,False
Aorta,2035,base,low,3717.3153288362246,0.01557168,57.88484475973246,3659.430484076492,KHF survey-scope-equivalent reported units,2025 KHF fixed reporting coverage assumption; not national census,synthetic_assumed_share_not_measured_or_fitted,False
Aorta,2035,high,low,4282.276033645566,0.01557168,66.68223206759798,4215.5938015779675,KHF survey-scope-equivalent reported units,2025 KHF fixed reporting coverage assumption; not national census,synthetic_assumed_share_not_measured_or_fitted,False
Aorta,2036,low,low,2857.49875482284,0.01608425,45.960724347259266,2811.538030475581,KHF survey-scope-equivalent reported units,2025 KHF fixed reporting coverage assumption; not national census,synthetic_assumed_share_not_measured_or_fitted,False
Aorta,2036,base,low,3765.4949918041057,0.01608425,60.56516282192519,3704.9298289821804,KHF survey-scope-equivalent reported units,2025 KHF fixed reporting coverage assumption; not national census,synthetic_assumed_share_not_measured_or_fitted,False
Aorta,2036,high,low,4382.053759493257,0.01608425,70.48204818112941,4311.571711312127,KHF survey-scope-equivalent reported units,2025 KHF fixed reporting coverage assumption; not national census,synthetic_assumed_share_not_measured_or_fitted,False
Aorta,2037,low,low,2847.322011496476,0.01658919,47.23476583989723,2800.087245656579,KHF survey-scope-equivalent reported units,2025 KHF fixed reporting coverage assumption; not national census,synthetic_assumed_share_not_measured_or_fitted,False
Aorta,2037,base,low,3806.391234164649,0.01658919,63.144947397891855,3743.2462867667573,KHF survey-scope-equivalent reported units,2025 KHF fixed reporting coverage assumption; not national census,synthetic_assumed_share_not_measured_or_fitted,False
Aorta,2037,high,low,4472.289146343002,0.01658919,74.19165438362187,4398.09749195938,KHF survey-scope-equivalent reported units,2025 KHF fixed reporting coverage assumption; not national census,synthetic_assumed_share_not_measured_or_fitted,False
Aorta,2038,low,low,2835.0683898344387,0.01708661,48.441707900429016,2786.62668193401,KHF survey-scope-equivalent reported units,2025 KHF fixed reporting coverage assumption; not national census,synthetic_assumed_share_not_measured_or_fitted,False
Aorta,2038,base,low,3844.333794624621,0.01708661,65.686632258571,3778.64716236605,KHF survey-scope-equivalent reported units,2025 KHF fixed reporting coverage assumption; not national census,synthetic_assumed_share_not_measured_or_fitted,False
Aorta,2038,high,low,4558.829986852799,0.01708661,77.8949500416589,4480.93503681114,KHF survey-scope-equivalent reported units,2025 KHF fixed reporting coverage assumption; not national census,synthetic_assumed_share_not_measured_or_fitted,False
Aorta,2039,low,low,2819.7388112040253,0.01757663,49.561505781173004,2770.1773054228524,KHF survey-scope-equivalent reported units,2025 KHF fixed reporting coverage assumption; not national census,synthetic_assumed_share_not_measured_or_fitted,False
Aorta,2039,base,low,3877.231889916443,0.01757663,68.14867035326205,3809.083219563181,KHF survey-scope-equivalent reported units,2025 KHF fixed reporting coverage assumption; not national census,synthetic_assumed_share_not_measured_or_fitted,False
Aorta,2039,high,low,4639.195009808909,0.01757663,81.54141418525757,4557.653595623652,KHF survey-scope-equivalent reported units,2025 KHF fixed reporting coverage assumption; not national census,synthetic_assumed_share_not_measured_or_fitted,False
Aorta,2040,low,low,2797.80060080338,0.01805935,50.52646028011851,2747.2741405232614,KHF survey-scope-equivalent reported units,2025 KHF fixed reporting coverage assumption; not national census,synthetic_assumed_share_not_measured_or_fitted,False
Aorta,2040,base,low,3898.38390938562,0.01805935,70.40227945396319,3827.9816299316567,KHF survey-scope-equivalent reported units,2025 KHF fixed reporting coverage assumption; not national census,synthetic_assumed_share_not_measured_or_fitted,False
Aorta,2040,high,low,4703.277923585507,0.01805935,84.93814216930392,4618.339781416203,KHF survey-scope-equivalent reported units,2025 KHF fixed reporting coverage assumption; not national census,synthetic_assumed_share_not_measured_or_fitted,False
Aorta,2025,low,base,3200.0,0.01,32.0,3168.0,KHF survey-scope-equivalent reported units,2025 KHF fixed reporting coverage assumption; not national census,synthetic_assumed_share_not_measured_or_fitted,False
Aorta,2025,base,base,3200.0,0.01,32.0,3168.0,KHF survey-scope-equivalent reported units,2025 KHF fixed reporting coverage assumption; not national census,synthetic_assumed_share_not_measured_or_fitted,False
Aorta,2025,high,base,3200.0,0.01,32.0,3168.0,KHF survey-scope-equivalent reported units,2025 KHF fixed reporting coverage assumption; not national census,synthetic_assumed_share_not_measured_or_fitted,False
Aorta,2026,low,base,3151.214597099864,0.01431316,45.10383872262589,3106.110758377238,KHF survey-scope-equivalent reported units,2025 KHF fixed reporting coverage assumption; not national census,synthetic_assumed_share_not_measured_or_fitted,False
Aorta,2026,base,base,3273.4438301766263,0.01431316,46.85332529233088,3226.590504884295,KHF survey-scope-equivalent reported units,2025 KHF fixed reporting coverage assumption; not national census,synthetic_assumed_share_not_measured_or_fitted,False
Aorta,2026,high,base,3353.976952564254,0.01431316,48.00600875836458,3305.9709438058894,KHF survey-scope-equivalent reported units,2025 KHF fixed reporting coverage assumption; not national census,synthetic_assumed_share_not_measured_or_fitted,False
Aorta,2027,low,base,3087.9578003625957,0.0184572,56.9950547128525,3030.9627456497433,KHF survey-scope-equivalent reported units,2025 KHF fixed reporting coverage assumption; not national census,synthetic_assumed_share_not_measured_or_fitted,False
Aorta,2027,base,base,3327.0760625937637,0.0184572,61.408508302505616,3265.667554291258,KHF survey-scope-equivalent reported units,2025 KHF fixed reporting coverage assumption; not national census,synthetic_assumed_share_not_measured_or_fitted,False
Aorta,2027,high,base,3483.8647196902366,0.0184572,64.30238790426664,3419.56233178597,KHF survey-scope-equivalent reported units,2025 KHF fixed reporting coverage assumption; not national census,synthetic_assumed_share_not_measured_or_fitted,False
Aorta,2028,low,base,3028.716666265124,0.02243875,67.96061609515655,2960.7560501699677,KHF survey-scope-equivalent reported units,2025 KHF fixed reporting coverage assumption; not national census,synthetic_assumed_share_not_measured_or_fitted,False
Aorta,2028,base,base,3388.119760116414,0.02243875,76.02517226731219,3312.094587849102,KHF survey-scope-equivalent reported units,2025 KHF fixed reporting coverage assumption; not national census,synthetic_assumed_share_not_measured_or_fitted,False
Aorta,2028,high,base,3627.237756809964,0.02243875,81.39068121561958,3545.847075594345,KHF survey-scope-equivalent reported units,2025 KHF fixed reporting coverage assumption; not national census,synthetic_assumed_share_not_measured_or_fitted,False
Aorta,2029,low,base,2957.1970882358446,0.02626418,77.66835662090212,2879.5287316149424,KHF survey-scope-equivalent reported units,2025 KHF fixed reporting coverage assumption; not national census,synthetic_assumed_share_not_measured_or_fitted,False
Aorta,2029,base,base,3430.4137218139217,0.02626418,90.09700346419078,3340.316718349731,KHF survey-scope-equivalent reported units,2025 KHF fixed reporting coverage assumption; not national census,synthetic_assumed_share_not_measured_or_fitted,False
Aorta,2029,high,base,3711.030599028563,0.02626418,97.46717563839401,3613.5634233901687,KHF survey-scope-equivalent reported units,2025 KHF fixed reporting coverage assumption; not national census,synthetic_assumed_share_not_measured_or_fitted,False
Aorta,2030,low,base,2890.593608062133,0.02993962,86.5432741998092,2804.0503338623244,KHF survey-scope-equivalent reported units,2025 KHF fixed reporting coverage assumption; not national census,synthetic_assumed_share_not_measured_or_fitted,False
Aorta,2030,base,base,3481.0754302049954,0.02993962,104.22207557167408,3376.8533546333215,KHF survey-scope-equivalent reported units,2025 KHF fixed reporting coverage assumption; not national census,synthetic_assumed_share_not_measured_or_fitted,False
Aorta,2030,high,base,3807.510129415586,0.02993962,113.99540642085347,3693.514722994733,KHF survey-scope-equivalent reported units,2025 KHF fixed reporting coverage assumption; not national census,synthetic_assumed_share_not_measured_or_fitted,False
Aorta,2031,low,base,2885.820652351217,0.03347094,96.59112990560844,2789.229522445609,KHF survey-scope-equivalent reported units,2025 KHF fixed reporting coverage assumption; not national census,synthetic_assumed_share_not_measured_or_fitted,False
Aorta,2031,base,base,3528.3414030915474,0.03347094,118.09690340239298,3410.2444996891545,KHF survey-scope-equivalent reported units,2025 KHF fixed reporting coverage assumption; not national census,synthetic_assumed_share_not_measured_or_fitted,False
Aorta,2031,high,base,3900.5069691426347,0.03347094,130.55363473375496,3769.95333440888,KHF survey-scope-equivalent reported units,2025 KHF fixed reporting coverage assumption; not national census,synthetic_assumed_share_not_measured_or_fitted,False
Aorta,2032,low,base,2878.6701489771835,0.03686379,106.1186918511636,2772.55145712602,KHF survey-scope-equivalent reported units,2025 KHF fixed reporting coverage assumption; not national census,synthetic_assumed_share_not_measured_or_fitted,False
Aorta,2032,base,base,3571.965647686189,0.03686379,131.67619152351767,3440.2894561626717,KHF survey-scope-equivalent reported units,2025 KHF fixed reporting coverage assumption; not national census,synthetic_assumed_share_not_measured_or_fitted,False
Aorta,2032,high,base,3989.170106189065,0.03686379,147.0559290688314,3842.1141771202338,KHF survey-scope-equivalent reported units,2025 KHF fixed reporting coverage assumption; not national census,synthetic_assumed_share_not_measured_or_fitted,False
Aorta,2033,low,base,2871.7672856845343,0.04012361,115.22567058156483,2756.5416151029694,KHF survey-scope-equivalent reported units,2025 KHF fixed reporting coverage assumption; not national census,synthetic_assumed_share_not_measured_or_fitted,False
Aorta,2033,base,base,3616.746723929626,0.04012361,145.11693501972997,3471.6297889098964,KHF survey-scope-equivalent reported units,2025 KHF fixed reporting coverage assumption; not national census,synthetic_assumed_share_not_measured_or_fitted,False
Aorta,2033,high,base,4080.4170786426967,0.04012361,163.7210635007989,3916.696015141898,KHF survey-scope-equivalent reported units,2025 KHF fixed reporting coverage assumption; not national census,synthetic_assumed_share_not_measured_or_fitted,False
Aorta,2034,low,base,2870.0785156177653,0.0432556,124.1469682401558,2745.9315473776096,KHF survey-scope-equivalent reported units,2025 KHF fixed reporting coverage assumption; not national census,synthetic_assumed_share_not_measured_or_fitted,False
Aorta,2034,base,base,3671.3258669401885,0.0432556,158.805403170018,3512.5204637701704,KHF survey-scope-equivalent reported units,2025 KHF fixed reporting coverage assumption; not national census,synthetic_assumed_share_not_measured_or_fitted,False
Aorta,2034,high,base,4186.958496288018,0.0432556,181.10940193203598,4005.8490943559823,KHF survey-scope-equivalent reported units,2025 KHF fixed reporting coverage assumption; not national census,synthetic_assumed_share_not_measured_or_fitted,False
Aorta,2035,low,base,2863.2890497969634,0.04626479,132.46946659815606,2730.8195831988073,KHF survey-scope-equivalent reported units,2025 KHF fixed reporting coverage assumption; not national census,synthetic_assumed_share_not_measured_or_fitted,False
Aorta,2035,base,base,3717.3153288362246,0.04626479,171.98081305238887,3545.3345157838357,KHF survey-scope-equivalent reported units,2025 KHF fixed reporting coverage assumption; not national census,synthetic_assumed_share_not_measured_or_fitted,False
Aorta,2035,high,base,4282.276033645566,0.04626479,198.11860141864503,4084.157432226921,KHF survey-scope-equivalent reported units,2025 KHF fixed reporting coverage assumption; not national census,synthetic_assumed_share_not_measured_or_fitted,False
Aorta,2036,low,base,2857.49875482284,0.04915599,140.46318021708396,2717.0355746057558,KHF survey-scope-equivalent reported units,2025 KHF fixed reporting coverage assumption; not national census,synthetic_assumed_share_not_measured_or_fitted,False
Aorta,2036,base,base,3765.4949918041057,0.04915599,185.09663416217268,3580.3983576419328,KHF survey-scope-equivalent reported units,2025 KHF fixed reporting coverage assumption; not national census,synthetic_assumed_share_not_measured_or_fitted,False
Aorta,2036,high,base,4382.053759493257,0.04915599,215.4041907811129,4166.649568712143,KHF survey-scope-equivalent reported units,2025 KHF fixed reporting coverage assumption; not national census,synthetic_assumed_share_not_measured_or_fitted,False
Aorta,2037,low,base,2847.322011496476,0.05193383,147.87233730031605,2699.4496741961602,KHF survey-scope-equivalent reported units,2025 KHF fixed reporting coverage assumption; not national census,synthetic_assumed_share_not_measured_or_fitted,False
Aorta,2037,base,base,3806.391234164649,0.05193383,197.6804752685971,3608.710758896052,KHF survey-scope-equivalent reported units,2025 KHF fixed reporting coverage assumption; not national census,synthetic_assumed_share_not_measured_or_fitted,False
Aorta,2037,high,base,4472.289146343002,0.05193383,232.26310423702262,4240.02604210598,KHF survey-scope-equivalent reported units,2025 KHF fixed reporting coverage assumption; not national census,synthetic_assumed_share_not_measured_or_fitted,False
Aorta,2038,low,base,2835.0683898344387,0.05460274,154.80250217234848,2680.2658876620903,KHF survey-scope-equivalent reported units,2025 KHF fixed reporting coverage assumption; not national census,synthetic_assumed_share_not_measured_or_fitted,False
Aorta,2038,base,base,3844.333794624621,0.05460274,209.91115866110158,3634.4226359635195,KHF survey-scope-equivalent reported units,2025 KHF fixed reporting coverage assumption; not national census,synthetic_assumed_share_not_measured_or_fitted,False
Aorta,2038,high,base,4558.829986852799,0.05460274,248.9246084763268,4309.905378376473,KHF survey-scope-equivalent reported units,2025 KHF fixed reporting coverage assumption; not national census,synthetic_assumed_share_not_measured_or_fitted,False
Aorta,2039,low,base,2819.7388112040253,0.057167,161.1960086201005,2658.542802583925,KHF survey-scope-equivalent reported units,2025 KHF fixed reporting coverage assumption; not national census,synthetic_assumed_share_not_measured_or_fitted,False
Aorta,2039,base,base,3877.231889916443,0.057167,221.6497154508533,3655.5821744655896,KHF survey-scope-equivalent reported units,2025 KHF fixed reporting coverage assumption; not national census,synthetic_assumed_share_not_measured_or_fitted,False
Aorta,2039,high,base,4639.195009808909,0.057167,265.2088611257459,4373.986148683163,KHF survey-scope-equivalent reported units,2025 KHF fixed reporting coverage assumption; not national census,synthetic_assumed_share_not_measured_or_fitted,False
Aorta,2040,low,base,2797.80060080338,0.05963072,166.8348642423381,2630.965736561042,KHF survey-scope-equivalent reported units,2025 KHF fixed reporting coverage assumption; not national census,synthetic_assumed_share_not_measured_or_fitted,False
Aorta,2040,base,base,3898.38390938562,0.05963072,232.46343935307928,3665.9204700325404,KHF survey-scope-equivalent reported units,2025 KHF fixed reporting coverage assumption; not national census,synthetic_assumed_share_not_measured_or_fitted,False
Aorta,2040,high,base,4703.277923585507,0.05963072,280.45984894350875,4422.818074641998,KHF survey-scope-equivalent reported units,2025 KHF fixed reporting coverage assumption; not national census,synthetic_assumed_share_not_measured_or_fitted,False
Aorta,2025,low,high,3200.0,0.01,32.0,3168.0,KHF survey-scope-equivalent reported units,2025 KHF fixed reporting coverage assumption; not national census,synthetic_assumed_share_not_measured_or_fitted,False
Aorta,2025,base,high,3200.0,0.01,32.0,3168.0,KHF survey-scope-equivalent reported units,2025 KHF fixed reporting coverage assumption; not national census,synthetic_assumed_share_not_measured_or_fitted,False
Aorta,2025,high,high,3200.0,0.01,32.0,3168.0,KHF survey-scope-equivalent reported units,2025 KHF fixed reporting coverage assumption; not national census,synthetic_assumed_share_not_measured_or_fitted,False
Aorta,2026,low,high,3151.214597099864,0.02622548,82.64211539195054,3068.5724817079135,KHF survey-scope-equivalent reported units,2025 KHF fixed reporting coverage assumption; not national census,synthetic_assumed_share_not_measured_or_fitted,False
Aorta,2026,base,high,3273.4438301766263,0.02622548,85.84763569942051,3187.5961944772057,KHF survey-scope-equivalent reported units,2025 KHF fixed reporting coverage assumption; not national census,synthetic_assumed_share_not_measured_or_fitted,False
Aorta,2026,high,high,3353.976952564254,0.02622548,87.95965548993479,3266.0172970743192,KHF survey-scope-equivalent reported units,2025 KHF fixed reporting coverage assumption; not national census,synthetic_assumed_share_not_measured_or_fitted,False
Aorta,2027,low,high,3087.9578003625957,0.04135402,127.69946863535078,2960.2583317272447,KHF survey-scope-equivalent reported units,2025 KHF fixed reporting coverage assumption; not national census,synthetic_assumed_share_not_measured_or_fitted,False
Aorta,2027,base,high,3327.0760625937637,0.04135402,137.58797003402375,3189.48809255974,KHF survey-scope-equivalent reported units,2025 KHF fixed reporting coverage assumption; not national census,synthetic_assumed_share_not_measured_or_fitted,False
Aorta,2027,high,high,3483.8647196902366,0.04135402,144.07181129536443,3339.792908394872,KHF survey-scope-equivalent reported units,2025 KHF fixed reporting coverage assumption; not national census,synthetic_assumed_share_not_measured_or_fitted,False
Aorta,2028,low,high,3028.716666265124,0.05545978,167.9719599933972,2860.744706271727,KHF survey-scope-equivalent reported units,2025 KHF fixed reporting coverage assumption; not national census,synthetic_assumed_share_not_measured_or_fitted,False
Aorta,2028,base,high,3388.119760116414,0.05545978,187.9043765097091,3200.215383606705,KHF survey-scope-equivalent reported units,2025 KHF fixed reporting coverage assumption; not national census,synthetic_assumed_share_not_measured_or_fitted,False
Aorta,2028,high,high,3627.237756809964,0.05545978,201.1658080003741,3426.07194880959,KHF survey-scope-equivalent reported units,2025 KHF fixed reporting coverage assumption; not national census,synthetic_assumed_share_not_measured_or_fitted,False
Aorta,2029,low,high,2957.1970882358446,0.0686119,202.89891089832895,2754.2981773375154,KHF survey-scope-equivalent reported units,2025 KHF fixed reporting coverage assumption; not national census,synthetic_assumed_share_not_measured_or_fitted,False
Aorta,2029,base,high,3430.4137218139217,0.0686119,235.36720323972463,3195.046518574197,KHF survey-scope-equivalent reported units,2025 KHF fixed reporting coverage assumption; not national census,synthetic_assumed_share_not_measured_or_fitted,False
Aorta,2029,high,high,3711.030599028563,0.0686119,254.62086035748786,3456.4097386710746,KHF survey-scope-equivalent reported units,2025 KHF fixed reporting coverage assumption; not national census,synthetic_assumed_share_not_measured_or_fitted,False
Aorta,2030,low,high,2890.593608062133,0.08087486,233.7763533689199,2656.8172546932133,KHF survey-scope-equivalent reported units,2025 KHF fixed reporting coverage assumption; not national census,synthetic_assumed_share_not_measured_or_fitted,False
Aorta,2030,base,high,3481.0754302049954,0.08087486,281.5314880672688,3199.543942137727,KHF survey-scope-equivalent reported units,2025 KHF fixed reporting coverage assumption; not national census,synthetic_assumed_share_not_measured_or_fitted,False
Aorta,2030,high,high,3807.510129415586,0.08087486,307.93184866506743,3499.578280750519,KHF survey-scope-equivalent reported units,2025 KHF fixed reporting coverage assumption; not national census,synthetic_assumed_share_not_measured_or_fitted,False
Aorta,2031,low,high,2885.820652351217,0.09230876,266.38652600093195,2619.434126350285,KHF survey-scope-equivalent reported units,2025 KHF fixed reporting coverage assumption; not national census,synthetic_assumed_share_not_measured_or_fitted,False
Aorta,2031,base,high,3528.3414030915474,0.09230876,325.6968197760409,3202.6445833155067,KHF survey-scope-equivalent reported units,2025 KHF fixed reporting coverage assumption; not national census,synthetic_assumed_share_not_measured_or_fitted,False
Aorta,2031,high,high,3900.5069691426347,0.09230876,360.0509616929149,3540.45600744972,KHF survey-scope-equivalent reported units,2025 KHF fixed reporting coverage assumption; not national census,synthetic_assumed_share_not_measured_or_fitted,False
Aorta,2032,low,high,2878.6701489771835,0.10296967,296.4157152790314,2582.2544336981523,KHF survey-scope-equivalent reported units,2025 KHF fixed reporting coverage assumption; not national census,synthetic_assumed_share_not_measured_or_fitted,False
Aorta,2032,base,high,3571.965647686189,0.10296967,367.8041239935832,3204.161523692606,KHF survey-scope-equivalent reported units,2025 KHF fixed reporting coverage assumption; not national census,synthetic_assumed_share_not_measured_or_fitted,False
Aorta,2032,high,high,3989.170106189065,0.10296967,410.763529408153,3578.406576780912,KHF survey-scope-equivalent reported units,2025 KHF fixed reporting coverage assumption; not national census,synthetic_assumed_share_not_measured_or_fitted,False
Aorta,2033,low,high,2871.7672856845343,0.11290982,324.25072730852935,2547.516558376005,KHF survey-scope-equivalent reported units,2025 KHF fixed reporting coverage assumption; not national census,synthetic_assumed_share_not_measured_or_fitted,False
Aorta,2033,base,high,3616.746723929626,0.11290982,408.36622158448375,3208.3805023451423,KHF survey-scope-equivalent reported units,2025 KHF fixed reporting coverage assumption; not national census,synthetic_assumed_share_not_measured_or_fitted,False
Aorta,2033,high,high,4080.4170786426967,0.11290982,460.71915787447267,3619.697920768224,KHF survey-scope-equivalent reported units,2025 KHF fixed reporting coverage assumption; not national census,synthetic_assumed_share_not_measured_or_fitted,False
Aorta,2034,low,high,2870.0785156177653,0.12217797,350.66036677879185,2519.4181488389736,KHF survey-scope-equivalent reported units,2025 KHF fixed reporting coverage assumption; not national census,synthetic_assumed_share_not_measured_or_fitted,False
Aorta,2034,base,high,3671.3258669401885,0.12217797,448.55514163124235,3222.770725308946,KHF survey-scope-equivalent reported units,2025 KHF fixed reporting coverage assumption; not national census,synthetic_assumed_share_not_measured_or_fitted,False
Aorta,2034,high,high,4186.958496288018,0.12217797,511.55408955072255,3675.4044067372956,KHF survey-scope-equivalent reported units,2025 KHF fixed reporting coverage assumption; not national census,synthetic_assumed_share_not_measured_or_fitted,False
Aorta,2035,low,high,2863.2890497969634,0.13081953,374.5741277485853,2488.714922048378,KHF survey-scope-equivalent reported units,2025 KHF fixed reporting coverage assumption; not national census,synthetic_assumed_share_not_measured_or_fitted,False
Aorta,2035,base,high,3717.3153288362246,0.13081953,486.2974441801503,3231.0178846560743,KHF survey-scope-equivalent reported units,2025 KHF fixed reporting coverage assumption; not national census,synthetic_assumed_share_not_measured_or_fitted,False
Aorta,2035,high,high,4282.276033645566,0.13081953,560.2053380517771,3722.0706955937885,KHF survey-scope-equivalent reported units,2025 KHF fixed reporting coverage assumption; not national census,synthetic_assumed_share_not_measured_or_fitted,False
Aorta,2036,low,high,2857.49875482284,0.13887686,396.84045452370583,2460.658300299134,KHF survey-scope-equivalent reported units,2025 KHF fixed reporting coverage assumption; not national census,synthetic_assumed_share_not_measured_or_fitted,False
Aorta,2036,base,high,3765.4949918041057,0.13887686,522.9401208074798,3242.5548709966256,KHF survey-scope-equivalent reported units,2025 KHF fixed reporting coverage assumption; not national census,synthetic_assumed_share_not_measured_or_fitted,False
Aorta,2036,high,high,4382.053759493257,0.13887686,608.5658664696186,3773.487893023638,KHF survey-scope-equivalent reported units,2025 KHF fixed reporting coverage assumption; not national census,synthetic_assumed_share_not_measured_or_fitted,False
Aorta,2037,low,high,2847.322011496476,0.14638947,416.817960182303,2430.504051314173,KHF survey-scope-equivalent reported units,2025 KHF fixed reporting coverage assumption; not national census,synthetic_assumed_share_not_measured_or_fitted,False
Aorta,2037,base,high,3806.391234164649,0.14638947,557.2155953820088,3249.1756387826404,KHF survey-scope-equivalent reported units,2025 KHF fixed reporting coverage assumption; not national census,synthetic_assumed_share_not_measured_or_fitted,False
Aorta,2037,high,high,4472.289146343002,0.14638947,654.6960378199045,3817.5931085230977,KHF survey-scope-equivalent reported units,2025 KHF fixed reporting coverage assumption; not national census,synthetic_assumed_share_not_measured_or_fitted,False
Aorta,2038,low,high,2835.0683898344387,0.15339419,434.883019253258,2400.185370581181,KHF survey-scope-equivalent reported units,2025 KHF fixed reporting coverage assumption; not national census,synthetic_assumed_share_not_measured_or_fitted,False
Aorta,2038,base,high,3844.333794624621,0.15339419,589.6984685160702,3254.635326108551,KHF survey-scope-equivalent reported units,2025 KHF fixed reporting coverage assumption; not national census,synthetic_assumed_share_not_measured_or_fitted,False
Aorta,2038,high,high,4558.829986852799,0.15339419,699.2980331809958,3859.5319536718034,KHF survey-scope-equivalent reported units,2025 KHF fixed reporting coverage assumption; not national census,synthetic_assumed_share_not_measured_or_fitted,False
Aorta,2039,low,high,2819.7388112040253,0.15992534,450.94768809299956,2368.7911231110256,KHF survey-scope-equivalent reported units,2025 KHF fixed reporting coverage assumption; not national census,synthetic_assumed_share_not_measured_or_fitted,False
Aorta,2039,base,high,3877.231889916443,0.15992534,620.0676282537297,3257.164261662713,KHF survey-scope-equivalent reported units,2025 KHF fixed reporting coverage assumption; not national census,synthetic_assumed_share_not_measured_or_fitted,False
Aorta,2039,high,high,4639.195009808909,0.15992534,741.9248392699932,3897.270170538916,KHF survey-scope-equivalent reported units,2025 KHF fixed reporting coverage assumption; not national census,synthetic_assumed_share_not_measured_or_fitted,False
Aorta,2040,low,high,2797.80060080338,0.16601494,464.47669887433705,2333.323901929043,KHF survey-scope-equivalent reported units,2025 KHF fixed reporting coverage assumption; not national census,synthetic_assumed_share_not_measured_or_fitted,False
Aorta,2040,base,high,3898.38390938562,0.16601494,647.1899708136191,3251.193938572001,KHF survey-scope-equivalent reported units,2025 KHF fixed reporting coverage assumption; not national census,synthetic_assumed_share_not_measured_or_fitted,False
Aorta,2040,high,high,4703.277923585507,0.16601494,780.8144022873726,3922.4635212981348,KHF survey-scope-equivalent reported units,2025 KHF fixed reporting coverage assumption; not national census,synthetic_assumed_share_not_measured_or_fitted,False
